gamma,alpha,N,d2,sigma_star,ratio,H,Omega1,two_one_minus_Omega
0.5,0.5,30,6.690870775778196,0.0013852325285740052,0.00020703322108517225,0.20737379930512978,0.89,0.21999999999999997
0.5,0.5,100,3.183526088911999,0.00011203563168239783,3.5192308325227855e-05,0.18487431023911732,0.9028571428571428,0.1942857142857144
0.5,0.5,300,10.961186002571013,2.944806521327239e-05,2.686576544396306e-06,0.21684038422235857,0.885,0.22999999999999998
0.5,0.5,1000,7.264533661607558,3.8041962775727885e-06,5.236669626403746e-07,0.19776619660739841,0.8957142857142857,0.20857142857142863
0.5,0.5,3000,11.804491451579423,5.46941448783696e-07,4.633333430984153e-08,0.20166155732679336,0.8935714285714286,0.21285714285714286
0.5,0.5,10000,11.063414509558115,6.762122467590426e-08,6.112147801881928e-09,0.1901083180053138,0.8999999999999999,0.20000000000000018
0.5,1.0,30,6.526808926198237,0.13480417417505589,0.020653917664719683,0.18712037604741466,0.9014285714285715,0.19714285714285706
0.5,1.0,100,4.849714003417432,0.06406587657905045,0.013210238074638085,0.2014735336194564,0.8935714285714286,0.21285714285714286
0.5,1.0,300,9.545202841660432,0.03759959015911469,0.003939108553566795,0.19690169630083781,0.8957142857142857,0.20857142857142863
0.5,1.0,1000,24.209436506305323,0.02035482149905981,0.0008407804739180285,0.19651951767831596,0.8964285714285715,0.20714285714285707
0.5,1.0,3000,15.13406090716715,0.00797548743701158,0.0005269892519881804,0.19397915389331705,0.8978571428571429,0.20428571428571418
0.5,1.0,10000,15.489415675999581,0.003322430715656494,0.00021449683998115617,0.19269568771714696,0.8985714285714286,0.20285714285714285
0.5,1.5,30,5.342640090917447,0.6974926093164593,0.13055204869633744,0.1624238708358878,0.915,0.16999999999999993
0.5,1.5,100,4.372630957196605,0.48226342823582813,0.11029136301615045,0.21331698344573896,0.8864285714285713,0.2271428571428573
0.5,1.5,300,8.850869137027352,0.42302715235692895,0.047794984402967526,0.18226854690374006,0.9042857142857144,0.19142857142857128
0.5,1.5,1000,12.07161233287213,0.3074044175994187,0.02546506706169877,0.1857572041692214,0.9021428571428571,0.19571428571428573
0.5,1.5,3000,11.969933187657674,0.23044993480717244,0.019252399423982738,0.1938360923768649,0.8978571428571429,0.20428571428571418
0.5,1.5,10000,18.151301688353257,0.1399760620203412,0.00771162666037095,0.16937870427140822,0.9114285714285715,0.17714285714285705
0.5,2.0,30,4.8130871914361,2.620140668692631,0.5443783925948055,0.2088616390762314,0.88,0.24
0.5,2.0,100,5.944657314798413,3.020789595061777,0.5081520153469458,0.18320457796852657,0.9007142857142857,0.19857142857142862
0.5,2.0,300,6.259297323708866,3.407426215853601,0.5443783925948056,0.19415900265685682,0.8914285714285715,0.21714285714285708
0.5,2.0,1000,25.37926174834683,10.803596122403034,0.42568598840771105,0.21190271816881254,0.8714285714285714,0.2571428571428571
0.5,2.0,3000,11.03383980402501,6.212637170075963,0.5630530513783306,0.20284283670549777,0.8864285714285713,0.2271428571428573
0.5,2.0,10000,8.084054176249257,4.207255087286601,0.5204387545604788,0.1765379113018599,0.9035714285714286,0.19285714285714284
1.0,0.5,30,0.8185044669101906,0.0002431080692445412,0.0002970149572454513,0.21259145718373196,0.8871428571428571,0.22571428571428576
1.0,0.5,100,0.5375682515981299,2.4145621964937574e-05,4.491638390689063e-05,0.19768649090537516,0.8957142857142857,0.20857142857142863
1.0,0.5,300,0.8081682264263121,4.539557178445909e-06,5.617094349922231e-06,0.21177600653995507,0.8878571428571429,0.2242857142857142
1.0,0.5,1000,0.816536010485347,4.852462177328089e-07,5.942741183507386e-07,0.19653791130185994,0.8964285714285714,0.2071428571428573
1.0,0.5,3000,0.9095482132006545,7.249615657989613e-08,7.970567753059048e-08,0.19910279991825058,0.895,0.20999999999999996
1.0,0.5,10000,0.5473459592003813,6.901920047108985e-09,1.2609794465628307e-08,0.20165133864704682,0.8935714285714286,0.21285714285714286
1.0,1.0,30,0.5902319891673162,0.02111896575026052,0.03578078812714743,0.2235438381361129,0.8807142857142857,0.23857142857142866
1.0,1.0,100,0.6196454824932052,0.011011287754132466,0.01777030264116097,0.18337829552421836,0.9035714285714286,0.19285714285714284
1.0,1.0,300,0.7637245126859269,0.005897841237408999,0.007722472094901083,0.20795217657878612,0.8899999999999999,0.2200000000000002
1.0,1.0,1000,0.33180094237632085,0.0016737763973337827,0.005044519721211113,0.18492949110974888,0.9028571428571428,0.1942857142857144
1.0,1.0,3000,0.7166283398368969,0.0008346744571337537,0.0011647243218482315,0.21558553034947886,0.8857142857142857,0.22857142857142865
1.0,1.0,10000,0.8018895919201556,0.00031993866260309557,0.0003989809393048613,0.19012671162885758,0.9,0.19999999999999996
1.0,1.5,30,0.9820226877683462,0.14305815994781332,0.14567704160981662,0.20659922338033931,0.8899999999999999,0.2200000000000002
1.0,1.5,100,0.41947051826888515,0.0692490540036987,0.16508682014050224,0.20412425914571855,0.8914285714285715,0.21714285714285708
1.0,1.5,300,1.0534631300153778,0.0640282720892692,0.06077884480715956,0.1963866748416106,0.8964285714285714,0.2071428571428573
1.0,1.5,1000,0.5259506394443183,0.03592167742066077,0.06829857162758284,0.18777845902309412,0.9007142857142858,0.1985714285714284
1.0,1.5,3000,0.737296905792141,0.020542331603969687,0.02786168155947882,0.19006744328632735,0.9,0.19999999999999996
1.0,1.5,10000,0.6787154098107671,0.012146028384891113,0.01789561310870716,0.20930717351318204,0.8892857142857142,0.22142857142857153
1.0,2.0,30,0.5221237980699478,0.2351131426250516,0.4503015252209477,0.18966891477621098,0.8957142857142857,0.20857142857142863
1.0,2.0,100,1.0354035455751365,0.4973810532582268,0.48037410667929104,0.1986674841610464,0.89,0.21999999999999997
1.0,2.0,300,0.6047147410617497,0.3129527543015404,0.5175212923568926,0.1827447373799304,0.9007142857142858,0.1985714285714284
1.0,2.0,1000,0.7160934116268431,0.32065032893141665,0.44777723649621815,0.19564071122011034,0.8742857142857143,0.25142857142857133
1.0,2.0,3000,0.6035138054377938,0.329927975910365,0.5466784238200361,0.19219497240956476,0.8921428571428571,0.21571428571428575
1.0,2.0,10000,0.5671183822000518,0.24969596100799252,0.4402889570239885,0.17461066830165553,0.9028571428571428,0.1942857142857144
2.0,0.5,30,0.4125762070094431,9.467208728229792e-05,0.00022946569790955262,0.2084855916615571,0.8892857142857142,0.22142857142857153
2.0,0.5,100,0.08589849957636586,8.597096247391385e-06,0.00010008435874655013,0.2255405681585939,0.88,0.24
2.0,0.5,300,0.15293317677598872,1.233786435390708e-06,8.067487130002644e-06,0.2128346617617006,0.8871428571428571,0.22571428571428576
2.0,0.5,1000,0.09183326931571467,1.2823883883899252e-07,1.39643116045579e-06,0.1991007561823012,0.895,0.20999999999999996
2.0,0.5,3000,0.07464959681367556,1.608653562239741e-08,2.154939384676008e-07,0.20293480482321677,0.8928571428571429,0.2142857142857142
2.0,0.5,10000,0.05464226643525061,1.5351015246107632e-09,2.8093664936644072e-08,0.2003842223584713,0.8942857142857144,0.2114285714285713
2.0,1.0,30,0.14173336841909467,0.0067932114976306576,0.047929514223804044,0.21462906192519915,0.8857142857142857,0.22857142857142865
2.0,1.0,100,0.09986519732313792,0.0027902440570810494,0.027940104579701995,0.1944492131616598,0.8971428571428571,0.20571428571428574
2.0,1.0,300,0.14540402096483684,0.0014789778522243733,0.010171505866278867,0.1951931330472103,0.8971428571428572,0.20571428571428552
2.0,1.0,1000,0.15709193372396046,0.000534657018713863,0.0034034657670797674,0.18753729818107512,0.9014285714285715,0.19714285714285706
2.0,1.0,3000,0.10213924202301139,0.00021954778323366773,0.0021494949334380695,0.2067545473124872,0.8907142857142858,0.21857142857142842
2.0,1.0,10000,0.1343954220630641,7.215108626271296e-05,0.0005368567258850274,0.1978234212139792,0.8957142857142857,0.20857142857142863
2.0,1.5,30,0.23555175380699578,0.04056105955864724,0.17219595652801545,0.19725117514817092,0.895,0.20999999999999996
2.0,1.5,100,0.16684865630899037,0.024615405292415408,0.1475313367033034,0.20693643981197637,0.8892857142857142,0.22142857142857153
2.0,1.5,300,0.17297530311118403,0.017265956534365124,0.09981746656207341,0.18873901491927236,0.9007142857142858,0.1985714285714284
2.0,1.5,1000,0.1391547542358864,0.010442469715240103,0.07504213400814666,0.22065808297567963,0.8828571428571429,0.2342857142857142
2.0,1.5,3000,0.07918510436255155,0.005192241920611068,0.06557094244440496,0.193946454118128,0.8978571428571429,0.20428571428571418
2.0,1.5,10000,0.0923366473653573,0.002830644515680583,0.030655699513112054,0.19137747802983857,0.8992857142857142,0.2014285714285715
2.0,2.0,30,0.10962868585614083,0.06120845469551277,0.5583251702554655,0.19762926629879418,0.8892857142857142,0.22142857142857153
2.0,2.0,100,0.26905475451855,0.1414108591290721,0.5255839443614906,0.19866135295319856,0.8907142857142857,0.21857142857142864
2.0,2.0,300,0.16849055643878352,0.09185161462633051,0.5451439924450739,0.20206008583690988,0.8871428571428571,0.22571428571428576
2.0,2.0,1000,0.20786199019154905,0.09971128644744484,0.47969946961230797,0.19571224197833656,0.8942857142857142,0.21142857142857152
2.0,2.0,3000,0.18329895133698915,0.0941968641475926,0.513897452552332,0.2166809728183119,0.8792857142857142,0.24142857142857155
2.0,2.0,10000,0.13471481892830672,0.07040703495487668,0.5226376393850649,0.22602493357858167,0.8735714285714286,0.2528571428571429
3.0,0.5,30,0.08611438063730414,4.2064763911886875e-05,0.0004884754857502246,0.2073840179848762,0.89,0.21999999999999997
3.0,0.5,100,0.1604336816796582,5.690642101135251e-06,3.5470370320977196e-05,0.19256488861639082,0.8985714285714286,0.20285714285714285
3.0,0.5,300,0.07235129264442308,7.622375467448176e-07,1.0535230524365367e-05,0.201618638871858,0.8935714285714286,0.21285714285714286
3.0,0.5,1000,0.051328838450590664,6.715226337921713e-08,1.3082755309933257e-06,0.19652973635806265,0.8964285714285714,0.2071428571428573
3.0,0.5,3000,0.030479104105555876,9.869999683161675e-09,3.2382840548658135e-07,0.2118454935622318,0.8878571428571429,0.2242857142857142
3.0,0.5,10000,0.06291886353457843,9.003689676093236e-10,1.4310000483630895e-08,0.1952667075413858,0.8971428571428571,0.20571428571428574
3.0,1.0,30,0.11106419674105505,0.004844885889026134,0.04362239165445848,0.20403024729204988,0.8914285714285715,0.21714285714285708
3.0,1.0,100,0.10533489552356967,0.0020109210614903945,0.019090739602437182,0.1818536685060292,0.9042857142857142,0.1914285714285715
3.0,1.0,300,0.11398332777003506,0.0008045169154054495,0.007058198169372521,0.20277539341917028,0.8928571428571428,0.2142857142857144
3.0,1.0,1000,0.04948007523255238,0.00029670401121549583,0.0059964341165814885,0.18495810341303914,0.9028571428571428,0.1942857142857144
3.0,1.0,3000,0.06408837010647783,0.000117860052199055,0.0018390240226618295,0.20166564479869195,0.8935714285714286,0.21285714285714286
3.0,1.0,10000,0.048140774664665154,3.764450155370922e-05,0.0007819670916375989,0.19654812998160637,0.8964285714285714,0.2071428571428573
3.0,1.5,30,0.10538997069722156,0.01977214006353422,0.18760931360668345,0.2093378295524218,0.8864285714285715,0.2271428571428571
3.0,1.5,100,0.13918049754107686,0.01809385148924886,0.13000277918900782,0.20815246270181903,0.8892857142857142,0.22142857142857153
3.0,1.5,300,0.08303051711847897,0.010688528473840398,0.1287301205000155,0.20004087471898652,0.8942857142857142,0.21142857142857152
3.0,1.5,1000,0.051309249243353006,0.0046286771580512755,0.0902113600629405,0.19381974248927047,0.8978571428571429,0.20428571428571418
3.0,1.5,3000,0.058486785597081536,0.003015775870217094,0.05156337178440492,0.2168342530145106,0.885,0.22999999999999998
3.0,1.5,10000,0.05787092725169507,0.0015698967325070907,0.027127554491726373,0.21564479869200903,0.8857142857142857,0.22857142857142865
3.0,2.0,30,0.07931240515815752,0.04528912730267957,0.5710219884565113,0.20279991825056198,0.8835714285714286,0.23285714285714287
3.0,2.0,100,0.1213145727194832,0.06095703196388179,0.5024708128415314,0.200194154915185,0.8907142857142857,0.21857142857142864
3.0,2.0,300,0.09907233904084145,0.05378146056227538,0.5428504170079661,0.23680564071122018,0.8657142857142857,0.2685714285714287
3.0,2.0,1000,0.08113027255298955,0.045616493649971515,0.5622623000579406,0.2172205191089312,0.8771428571428571,0.24571428571428577
3.0,2.0,3000,0.027569540285306338,0.016010561944188803,0.5807337292715725,0.22082566932352354,0.8757142857142857,0.24857142857142867
3.0,2.0,10000,0.07233067988525943,0.034941660800073465,0.48308215622337003,0.2051583895360719,0.8892857142857142,0.22142857142857153
