gamma,alpha,slope_raw,slope_logcorr,pred
0.5,0.5,-1.8201954398346731,-1.9891016189823076,-2.0
0.5,1.0,-0.8414419708202041,-1.0103481499678386,-1.0
0.5,1.5,-0.49459387794031584,-0.6635000570879503,-0.6666666666666666
0.5,2.0,-0.004456849421473228,-0.004456849421473228,0.0
1.0,0.5,-1.7690878568197679,-1.9379940359674024,-2.0
1.0,1.0,-0.7676974652596894,-0.936603644407324,-1.0
1.0,1.5,-0.3868771326961245,-0.5557833118437591,-0.6666666666666666
1.0,2.0,0.002883711064824949,0.002883711064824949,0.0
2.0,0.5,-1.6107836874652717,-1.7796898666129062,-2.0
2.0,1.0,-0.7727092371362454,-0.9416154162838799,-1.0
2.0,1.5,-0.28070936516373435,-0.4496155443113689,-0.6666666666666666
2.0,2.0,-0.013133406692953535,-0.013133406692953535,0.0
3.0,0.5,-1.691920119440271,-1.8608262985879056,-2.0
3.0,1.0,-0.6739506301747961,-0.8428568093224307,-1.0
3.0,1.5,-0.31663600446268486,-0.4855421836103194,-0.6666666666666666
3.0,2.0,-0.009342389185699466,-0.009342389185699466,0.0
