cls,prm,alpha,N,ratio,H_meas,H_pred
gumbel,1.0,0.5,30,0.03,0.8867669172932332,4.66
gumbel,1.0,0.5,30,0.03,0.8496616541353385,4.385
gumbel,1.0,0.5,30,0.03,0.8837468671679198,4.195
gumbel,1.0,0.5,30,0.03,0.8206265664160401,3.12
gumbel,1.0,0.5,30,0.03,0.8488471177944862,3.725
gumbel,1.0,0.5,30,0.03,0.9195238095238095,5.93
gumbel,1.0,0.5,30,0.03,0.8873057644110276,4.68
gumbel,1.0,0.5,30,0.03,0.8732706766917293,5.175
gumbel,1.0,0.5,30,0.06560172443659668,0.9313784461152882,5.725
gumbel,1.0,0.5,30,0.06560172443659668,0.9015914786967419,4.525
gumbel,1.0,0.5,30,0.06560172443659668,0.935563909774436,5.205
gumbel,1.0,0.5,30,0.06560172443659668,0.9068796992481204,5.515
gumbel,1.0,0.5,30,0.06560172443659668,0.9401629072681704,5.24
gumbel,1.0,0.5,30,0.06560172443659668,0.955639097744361,8.04
gumbel,1.0,0.5,30,0.06560172443659668,0.9358646616541353,5.355
gumbel,1.0,0.5,30,0.06560172443659668,0.9400626566416039,5.57
gumbel,1.0,0.5,30,0.1434528749685055,0.9584210526315791,7.805
gumbel,1.0,0.5,30,0.1434528749685055,0.9499749373433585,7.7
gumbel,1.0,0.5,30,0.1434528749685055,0.9605764411027569,8.345
gumbel,1.0,0.5,30,0.1434528749685055,0.9511027568922306,7.645
gumbel,1.0,0.5,30,0.1434528749685055,0.953095238095238,8.725
gumbel,1.0,0.5,30,0.1434528749685055,0.9637468671679197,9.95
gumbel,1.0,0.5,30,0.1434528749685055,0.958295739348371,6.875
gumbel,1.0,0.5,30,0.1434528749685055,0.9647869674185463,8.94
gumbel,1.0,0.5,30,0.31369186577738184,0.9659273182957393,11.24
gumbel,1.0,0.5,30,0.31369186577738184,0.9653759398496241,9.64
gumbel,1.0,0.5,30,0.31369186577738184,0.966015037593985,11.29
gumbel,1.0,0.5,30,0.31369186577738184,0.9651503759398496,8.29
gumbel,1.0,0.5,30,0.31369186577738184,0.964874686716792,10.365
gumbel,1.0,0.5,30,0.31369186577738184,0.9659022556390978,12.97
gumbel,1.0,0.5,30,0.31369186577738184,0.9627694235588972,11.095
gumbel,1.0,0.5,30,0.31369186577738184,0.9646365914786967,12.14
gumbel,1.0,0.5,30,0.6859575778909893,0.9673057644110276,13.96
gumbel,1.0,0.5,30,0.6859575778909893,0.9661027568922307,12.565
gumbel,1.0,0.5,30,0.6859575778909893,0.9665538847117794,14.75
gumbel,1.0,0.5,30,0.6859575778909893,0.9657894736842104,12.775
gumbel,1.0,0.5,30,0.6859575778909893,0.9666165413533835,12.57
gumbel,1.0,0.5,30,0.6859575778909893,0.9674310776942355,16.08
gumbel,1.0,0.5,30,0.6859575778909893,0.965764411027569,14.84
gumbel,1.0,0.5,30,0.6859575778909893,0.9676190476190477,14.575
gumbel,1.0,0.5,30,1.5,0.9660651629072681,18.275
gumbel,1.0,0.5,30,1.5,0.9666917293233083,17.98
gumbel,1.0,0.5,30,1.5,0.967218045112782,18.81
gumbel,1.0,0.5,30,1.5,0.9670676691729324,16.55
gumbel,1.0,0.5,30,1.5,0.9669047619047619,18.895
gumbel,1.0,0.5,30,1.5,0.9663659147869674,20.75
gumbel,1.0,0.5,30,1.5,0.9666917293233083,15.845
gumbel,1.0,0.5,30,1.5,0.9668421052631578,20.075
gumbel,1.0,0.5,300,0.03,0.9965914786967418,34.955
gumbel,1.0,0.5,300,0.03,0.9970551378446115,23.23
gumbel,1.0,0.5,300,0.03,0.9968421052631579,25.48
gumbel,1.0,0.5,300,0.03,0.9963533834586467,30.245
gumbel,1.0,0.5,300,0.03,0.996892230576441,28.775
gumbel,1.0,0.5,300,0.03,0.9964160401002506,30.63
gumbel,1.0,0.5,300,0.03,0.9967042606516291,34.36
gumbel,1.0,0.5,300,0.03,0.9965538847117794,21.78
gumbel,1.0,0.5,300,0.06560172443659668,0.996390977443609,44.09
gumbel,1.0,0.5,300,0.06560172443659668,0.9964661654135339,46.015
gumbel,1.0,0.5,300,0.06560172443659668,0.9966541353383458,51.98
gumbel,1.0,0.5,300,0.06560172443659668,0.9964285714285714,43.915
gumbel,1.0,0.5,300,0.06560172443659668,0.9967919799498746,39.54
gumbel,1.0,0.5,300,0.06560172443659668,0.9964411027568922,40.97
gumbel,1.0,0.5,300,0.06560172443659668,0.996453634085213,38.11
gumbel,1.0,0.5,300,0.06560172443659668,0.9970551378446115,21.845
gumbel,1.0,0.5,300,0.1434528749685055,0.9965413533834586,62.98
gumbel,1.0,0.5,300,0.1434528749685055,0.9967293233082707,44.97
gumbel,1.0,0.5,300,0.1434528749685055,0.9968546365914787,68.545
gumbel,1.0,0.5,300,0.1434528749685055,0.9965413533834586,57.23
gumbel,1.0,0.5,300,0.1434528749685055,0.9961278195488722,56.76
gumbel,1.0,0.5,300,0.1434528749685055,0.9969924812030075,51.605
gumbel,1.0,0.5,300,0.1434528749685055,0.9968170426065164,60.03
gumbel,1.0,0.5,300,0.1434528749685055,0.9965538847117794,52.095
gumbel,1.0,0.5,300,0.31369186577738184,0.9968421052631579,79.59
gumbel,1.0,0.5,300,0.31369186577738184,0.9968796992481203,76.43
gumbel,1.0,0.5,300,0.31369186577738184,0.9964786967418547,92.445
gumbel,1.0,0.5,300,0.31369186577738184,0.9964912280701755,88.395
gumbel,1.0,0.5,300,0.31369186577738184,0.996390977443609,79.795
gumbel,1.0,0.5,300,0.31369186577738184,0.9964285714285714,82.44
gumbel,1.0,0.5,300,0.31369186577738184,0.9969298245614034,93.97
gumbel,1.0,0.5,300,0.31369186577738184,0.9968295739348372,58.66
gumbel,1.0,0.5,300,0.6859575778909893,0.9966917293233083,112.915
gumbel,1.0,0.5,300,0.6859575778909893,0.9965413533834586,102.445
gumbel,1.0,0.5,300,0.6859575778909893,0.9967919799498746,126.315
gumbel,1.0,0.5,300,0.6859575778909893,0.9968796992481203,119.84
gumbel,1.0,0.5,300,0.6859575778909893,0.9969298245614034,93.68
gumbel,1.0,0.5,300,0.6859575778909893,0.9964035087719298,104.335
gumbel,1.0,0.5,300,0.6859575778909893,0.996265664160401,113.055
gumbel,1.0,0.5,300,0.6859575778909893,0.9968796992481203,105.235
gumbel,1.0,0.5,300,1.5,0.9966541353383458,136.86
gumbel,1.0,0.5,300,1.5,0.9966290726817043,153.38
gumbel,1.0,0.5,300,1.5,0.9967042606516291,155.75
gumbel,1.0,0.5,300,1.5,0.996453634085213,161.395
gumbel,1.0,0.5,300,1.5,0.9967167919799499,157.73
gumbel,1.0,0.5,300,1.5,0.9964661654135339,144.03
gumbel,1.0,0.5,300,1.5,0.9966917293233083,156.34
gumbel,1.0,0.5,300,1.5,0.9967167919799499,131.6
gumbel,1.0,1.0,30,0.03,0.14372180451127814,0.295
gumbel,1.0,1.0,30,0.03,0.24936090225563914,0.45
gumbel,1.0,1.0,30,0.03,0.04939849624060158,0.19
gumbel,1.0,1.0,30,0.03,0.13963659147869675,0.31
gumbel,1.0,1.0,30,0.03,0.1443107769423558,0.3
gumbel,1.0,1.0,30,0.03,0.21484962406015018,0.4
gumbel,1.0,1.0,30,0.03,0.0784461152882206,0.085
gumbel,1.0,1.0,30,0.03,0.13001253132832088,0.165
gumbel,1.0,1.0,30,0.06560172443659668,0.3341979949874686,0.625
gumbel,1.0,1.0,30,0.06560172443659668,0.3953508771929824,0.86
gumbel,1.0,1.0,30,0.06560172443659668,0.09754385964912286,0.38
gumbel,1.0,1.0,30,0.06560172443659668,0.11642857142857142,0.13
gumbel,1.0,1.0,30,0.06560172443659668,0.23330827067669171,0.595
gumbel,1.0,1.0,30,0.06560172443659668,0.5316040100250626,1.22
gumbel,1.0,1.0,30,0.06560172443659668,0.08320802005012529,0.085
gumbel,1.0,1.0,30,0.06560172443659668,0.277781954887218,0.485
gumbel,1.0,1.0,30,0.1434528749685055,0.5826065162907269,1.28
gumbel,1.0,1.0,30,0.1434528749685055,0.6074561403508771,1.31
gumbel,1.0,1.0,30,0.1434528749685055,0.26432330827067646,0.305
gumbel,1.0,1.0,30,0.1434528749685055,0.40452380952380945,0.7
gumbel,1.0,1.0,30,0.1434528749685055,0.45902255639097717,1.275
gumbel,1.0,1.0,30,0.1434528749685055,0.7075563909774437,2.01
gumbel,1.0,1.0,30,0.1434528749685055,0.1940977443609021,0.35
gumbel,1.0,1.0,30,0.1434528749685055,0.4975438596491229,0.84
gumbel,1.0,1.0,30,0.31369186577738184,0.7825689223057645,2.415
gumbel,1.0,1.0,30,0.31369186577738184,0.8598621553884711,3.8
gumbel,1.0,1.0,30,0.31369186577738184,0.46159147869674183,0.98
gumbel,1.0,1.0,30,0.31369186577738184,0.6112280701754387,1.91
gumbel,1.0,1.0,30,0.31369186577738184,0.7326190476190476,1.995
gumbel,1.0,1.0,30,0.31369186577738184,0.8982706766917293,4.39
gumbel,1.0,1.0,30,0.31369186577738184,0.388721804511278,0.785
gumbel,1.0,1.0,30,0.31369186577738184,0.7244862155388471,2.205
gumbel,1.0,1.0,30,0.6859575778909893,0.9236591478696743,5.325
gumbel,1.0,1.0,30,0.6859575778909893,0.9276315789473685,6.435
gumbel,1.0,1.0,30,0.6859575778909893,0.7713032581453633,2.615
gumbel,1.0,1.0,30,0.6859575778909893,0.8653383458646616,3.47
gumbel,1.0,1.0,30,0.6859575778909893,0.9078696741854637,5.265
gumbel,1.0,1.0,30,0.6859575778909893,0.9478822055137844,8.485
gumbel,1.0,1.0,30,0.6859575778909893,0.6429197994987471,2.105
gumbel,1.0,1.0,30,0.6859575778909893,0.8725313283208019,4.22
gumbel,1.0,1.0,30,1.5,0.9580827067669174,10.205
gumbel,1.0,1.0,30,1.5,0.9615037593984962,12.13
gumbel,1.0,1.0,30,1.5,0.9192606516290728,6.455
gumbel,1.0,1.0,30,1.5,0.955187969924812,8.18
gumbel,1.0,1.0,30,1.5,0.9600000000000001,10.585
gumbel,1.0,1.0,30,1.5,0.9628696741854637,13.115
gumbel,1.0,1.0,30,1.5,0.8535714285714286,4.04
gumbel,1.0,1.0,30,1.5,0.9501754385964912,8.22
gumbel,1.0,1.0,300,0.03,0.6214035087719298,1.015
gumbel,1.0,1.0,300,0.03,0.4673934837092732,0.64
gumbel,1.0,1.0,300,0.03,0.5986215538847119,2.1
gumbel,1.0,1.0,300,0.03,0.7848746867167921,1.675
gumbel,1.0,1.0,300,0.03,0.5136967418546365,0.79
gumbel,1.0,1.0,300,0.03,0.5934962406015037,0.965
gumbel,1.0,1.0,300,0.03,0.40735588972431075,2.04
gumbel,1.0,1.0,300,0.03,0.6218295739348372,2.02
gumbel,1.0,1.0,300,0.06560172443659668,0.8651629072681704,2.03
gumbel,1.0,1.0,300,0.06560172443659668,0.778734335839599,3.09
gumbel,1.0,1.0,300,0.06560172443659668,0.8761152882205515,5.23
gumbel,1.0,1.0,300,0.06560172443659668,0.937468671679198,3.505
gumbel,1.0,1.0,300,0.06560172443659668,0.7992355889724312,1.85
gumbel,1.0,1.0,300,0.06560172443659668,0.8828070175438597,7.085
gumbel,1.0,1.0,300,0.06560172443659668,0.6461027568922306,1.05
gumbel,1.0,1.0,300,0.06560172443659668,0.8930075187969925,5.51
gumbel,1.0,1.0,300,0.1434528749685055,0.9817543859649122,7.49
gumbel,1.0,1.0,300,0.1434528749685055,0.9455263157894737,4.88
gumbel,1.0,1.0,300,0.1434528749685055,0.9854260651629073,7.675
gumbel,1.0,1.0,300,0.1434528749685055,0.9934586466165415,7.865
gumbel,1.0,1.0,300,0.1434528749685055,0.9667418546365916,12.425
gumbel,1.0,1.0,300,0.1434528749685055,0.9730827067669172,5.02
gumbel,1.0,1.0,300,0.1434528749685055,0.8817919799498747,5.36
gumbel,1.0,1.0,300,0.1434528749685055,0.9793358395989975,9.405
gumbel,1.0,1.0,300,0.31369186577738184,0.996453634085213,14.915
gumbel,1.0,1.0,300,0.31369186577738184,0.9937969924812031,12.085
gumbel,1.0,1.0,300,0.31369186577738184,0.9965664160401002,15.9
gumbel,1.0,1.0,300,0.31369186577738184,0.996578947368421,22.225
gumbel,1.0,1.0,300,0.31369186577738184,0.9964661654135339,11.565
gumbel,1.0,1.0,300,0.31369186577738184,0.9963533834586467,13.325
gumbel,1.0,1.0,300,0.31369186577738184,0.9886466165413534,9.08
gumbel,1.0,1.0,300,0.31369186577738184,0.9968421052631579,19.24
gumbel,1.0,1.0,300,0.6859575778909893,0.9966165413533835,30.83
gumbel,1.0,1.0,300,0.6859575778909893,0.9966666666666667,36.82
gumbel,1.0,1.0,300,0.6859575778909893,0.9965288220551378,34.055
gumbel,1.0,1.0,300,0.6859575778909893,0.9966040100250626,47.5
gumbel,1.0,1.0,300,0.6859575778909893,0.9970676691729323,26.39
gumbel,1.0,1.0,300,0.6859575778909893,0.9967167919799499,34.945
gumbel,1.0,1.0,300,0.6859575778909893,0.9965037593984961,11.135
gumbel,1.0,1.0,300,0.6859575778909893,0.9969298245614034,44.565
gumbel,1.0,1.0,300,1.5,0.996516290726817,80.175
gumbel,1.0,1.0,300,1.5,0.9966290726817043,66.655
gumbel,1.0,1.0,300,1.5,0.9967167919799499,83.065
gumbel,1.0,1.0,300,1.5,0.9967794486215539,91.155
gumbel,1.0,1.0,300,1.5,0.9970175438596491,72.935
gumbel,1.0,1.0,300,1.5,0.9966666666666667,86.89
gumbel,1.0,1.0,300,1.5,0.996516290726817,49.785
gumbel,1.0,1.0,300,1.5,0.9962155388471178,82.94
gumbel,1.0,1.5,30,0.03,0.004999999999999922,0.005
gumbel,1.0,1.5,30,0.03,0.01991228070175439,0.02
gumbel,1.0,1.5,30,0.03,0.014949874686716677,0.015
gumbel,1.0,1.5,30,0.03,0.01991228070175439,0.025
gumbel,1.0,1.5,30,0.03,0.0,0.0
gumbel,1.0,1.5,30,0.03,0.029774436090225623,0.18
gumbel,1.0,1.5,30,0.03,0.004999999999999922,0.005
gumbel,1.0,1.5,30,0.03,0.01492481203007513,0.015
gumbel,1.0,1.5,30,0.06560172443659668,0.02486215538847111,0.025
gumbel,1.0,1.5,30,0.06560172443659668,0.07353383458646597,0.365
gumbel,1.0,1.5,30,0.06560172443659668,0.04453634085213026,0.045
gumbel,1.0,1.5,30,0.06560172443659668,0.07819548872180458,0.08
gumbel,1.0,1.5,30,0.06560172443659668,0.04451127819548861,0.24
gumbel,1.0,1.5,30,0.06560172443659668,0.1111278195488723,0.16
gumbel,1.0,1.5,30,0.06560172443659668,0.04448621553884695,0.2
gumbel,1.0,1.5,30,0.06560172443659668,0.04939849624060158,0.055
gumbel,1.0,1.5,30,0.1434528749685055,0.09279448621553872,0.095
gumbel,1.0,1.5,30,0.1434528749685055,0.31535087719298255,0.645
gumbel,1.0,1.5,30,0.1434528749685055,0.13482456140350862,0.29
gumbel,1.0,1.5,30,0.1434528749685055,0.17489974937343353,0.2
gumbel,1.0,1.5,30,0.1434528749685055,0.102280701754386,0.11
gumbel,1.0,1.5,30,0.1434528749685055,0.3790977443609024,0.585
gumbel,1.0,1.5,30,0.1434528749685055,0.1753383458646617,0.6
gumbel,1.0,1.5,30,0.1434528749685055,0.1477819548872181,0.435
gumbel,1.0,1.5,30,0.31369186577738184,0.2338596491228069,0.345
gumbel,1.0,1.5,30,0.31369186577738184,0.7104511278195491,2.05
gumbel,1.0,1.5,30,0.31369186577738184,0.34190476190476154,0.53
gumbel,1.0,1.5,30,0.31369186577738184,0.4741353383458644,1.085
gumbel,1.0,1.5,30,0.31369186577738184,0.31007518796992495,0.58
gumbel,1.0,1.5,30,0.31369186577738184,0.7843233082706766,3.0
gumbel,1.0,1.5,30,0.31369186577738184,0.4677318295739347,1.255
gumbel,1.0,1.5,30,0.31369186577738184,0.29739348370927315,0.575
gumbel,1.0,1.5,30,0.6859575778909893,0.6836967418546365,2.335
gumbel,1.0,1.5,30,0.6859575778909893,0.9115789473684212,6.305
gumbel,1.0,1.5,30,0.6859575778909893,0.7029824561403509,2.29
gumbel,1.0,1.5,30,0.6859575778909893,0.8501002506265662,3.77
gumbel,1.0,1.5,30,0.6859575778909893,0.71468671679198,2.695
gumbel,1.0,1.5,30,0.6859575778909893,0.9223182957393483,6.28
gumbel,1.0,1.5,30,0.6859575778909893,0.7870300751879699,3.55
gumbel,1.0,1.5,30,0.6859575778909893,0.7048370927318296,1.865
gumbel,1.0,1.5,30,1.5,0.9209273182957394,8.105
gumbel,1.0,1.5,30,1.5,0.9600877192982455,14.87
gumbel,1.0,1.5,30,1.5,0.9376190476190477,9.285
gumbel,1.0,1.5,30,1.5,0.943295739348371,11.085
gumbel,1.0,1.5,30,1.5,0.9501754385964912,10.145
gumbel,1.0,1.5,30,1.5,0.9592731829573935,15.15
gumbel,1.0,1.5,30,1.5,0.9526942355889725,8.715
gumbel,1.0,1.5,30,1.5,0.9049498746867167,6.055
gumbel,1.0,1.5,300,0.03,0.03961152882205531,0.04
gumbel,1.0,1.5,300,0.03,0.08271929824561403,0.13
gumbel,1.0,1.5,300,0.03,0.004999999999999922,0.005
gumbel,1.0,1.5,300,0.03,0.0,0.0
gumbel,1.0,1.5,300,0.03,0.06367167919799495,0.07
gumbel,1.0,1.5,300,0.03,0.014949874686716677,0.015
gumbel,1.0,1.5,300,0.03,0.01496240601503756,0.015
gumbel,1.0,1.5,300,0.03,0.004999999999999922,0.005
gumbel,1.0,1.5,300,0.06560172443659668,0.1708897243107768,0.245
gumbel,1.0,1.5,300,0.06560172443659668,0.25988721804511267,0.53
gumbel,1.0,1.5,300,0.06560172443659668,0.02486215538847111,1.515
gumbel,1.0,1.5,300,0.06560172443659668,0.019924812030075276,0.02
gumbel,1.0,1.5,300,0.06560172443659668,0.23587719298245613,0.265
gumbel,1.0,1.5,300,0.06560172443659668,0.10105263157894737,0.105
gumbel,1.0,1.5,300,0.06560172443659668,0.04454887218045103,0.045
gumbel,1.0,1.5,300,0.06560172443659668,0.019924812030075276,0.02
gumbel,1.0,1.5,300,0.1434528749685055,0.494248120300752,0.805
gumbel,1.0,1.5,300,0.1434528749685055,0.5664411027568922,1.13
gumbel,1.0,1.5,300,0.1434528749685055,0.07830827067669176,0.08
gumbel,1.0,1.5,300,0.1434528749685055,0.09285714285714282,0.095
gumbel,1.0,1.5,300,0.1434528749685055,0.5157769423558897,1.19
gumbel,1.0,1.5,300,0.1434528749685055,0.293796992481203,0.345
gumbel,1.0,1.5,300,0.1434528749685055,0.10235588972431064,0.11
gumbel,1.0,1.5,300,0.1434528749685055,0.0736716791979948,0.075
gumbel,1.0,1.5,300,0.31369186577738184,0.8107393483709272,2.595
gumbel,1.0,1.5,300,0.31369186577738184,0.836140350877193,2.6
gumbel,1.0,1.5,300,0.31369186577738184,0.34588972431077686,0.46
gumbel,1.0,1.5,300,0.31369186577738184,0.20365914786967423,0.225
gumbel,1.0,1.5,300,0.31369186577738184,0.6995989974937343,1.505
gumbel,1.0,1.5,300,0.31369186577738184,0.5683834586466167,0.885
gumbel,1.0,1.5,300,0.31369186577738184,0.20809523809523806,0.245
gumbel,1.0,1.5,300,0.31369186577738184,0.16753132832080211,0.185
gumbel,1.0,1.5,300,0.6859575778909893,0.961829573934837,7.435
gumbel,1.0,1.5,300,0.6859575778909893,0.9594235588972431,11.275
gumbel,1.0,1.5,300,0.6859575778909893,0.6152255639097743,1.42
gumbel,1.0,1.5,300,0.6859575778909893,0.5674686716791981,2.47
gumbel,1.0,1.5,300,0.6859575778909893,0.8872556390977443,3.42
gumbel,1.0,1.5,300,0.6859575778909893,0.8413533834586467,3.245
gumbel,1.0,1.5,300,0.6859575778909893,0.5710401002506267,1.04
gumbel,1.0,1.5,300,0.6859575778909893,0.4526566416040102,2.115
gumbel,1.0,1.5,300,1.5,0.9944360902255639,18.55
gumbel,1.0,1.5,300,1.5,0.9935714285714285,17.12
gumbel,1.0,1.5,300,1.5,0.9506140350877194,6.295
gumbel,1.0,1.5,300,1.5,0.9450000000000001,7.14
gumbel,1.0,1.5,300,1.5,0.9859899749373433,11.735
gumbel,1.0,1.5,300,1.5,0.9817418546365915,12.705
gumbel,1.0,1.5,300,1.5,0.9462907268170426,5.335
gumbel,1.0,1.5,300,1.5,0.8292857142857143,2.015
gumbel,1.0,2.0,30,0.03,0.0,0.0
gumbel,1.0,2.0,30,0.03,0.0,0.0
gumbel,1.0,2.0,30,0.03,0.0,0.0
gumbel,1.0,2.0,30,0.03,0.0,0.0
gumbel,1.0,2.0,30,0.03,0.0,0.0
gumbel,1.0,2.0,30,0.03,0.0,0.0
gumbel,1.0,2.0,30,0.03,0.0,0.0
gumbel,1.0,2.0,30,0.03,0.0,0.0
gumbel,1.0,2.0,30,0.06560172443659668,0.0,0.0
gumbel,1.0,2.0,30,0.06560172443659668,0.0,0.0
gumbel,1.0,2.0,30,0.06560172443659668,0.0,0.0
gumbel,1.0,2.0,30,0.06560172443659668,0.0,0.0
gumbel,1.0,2.0,30,0.06560172443659668,0.0,0.0
gumbel,1.0,2.0,30,0.06560172443659668,0.0,0.0
gumbel,1.0,2.0,30,0.06560172443659668,0.0,0.0
gumbel,1.0,2.0,30,0.06560172443659668,0.0,0.0
gumbel,1.0,2.0,30,0.1434528749685055,0.0,0.0
gumbel,1.0,2.0,30,0.1434528749685055,0.0,0.0
gumbel,1.0,2.0,30,0.1434528749685055,0.0,0.0
gumbel,1.0,2.0,30,0.1434528749685055,0.0,0.0
gumbel,1.0,2.0,30,0.1434528749685055,0.15593984962406002,0.17
gumbel,1.0,2.0,30,0.1434528749685055,0.0,0.0
gumbel,1.0,2.0,30,0.1434528749685055,0.0,0.0
gumbel,1.0,2.0,30,0.1434528749685055,0.0099749373433583,0.01
gumbel,1.0,2.0,30,0.31369186577738184,0.32150375939849624,0.56
gumbel,1.0,2.0,30,0.31369186577738184,0.0,0.0
gumbel,1.0,2.0,30,0.31369186577738184,0.1130827067669173,0.12
gumbel,1.0,2.0,30,0.31369186577738184,0.0,0.0
gumbel,1.0,2.0,30,0.31369186577738184,0.4105388471177944,0.585
gumbel,1.0,2.0,30,0.31369186577738184,0.0,0.0
gumbel,1.0,2.0,30,0.31369186577738184,0.0,0.0
gumbel,1.0,2.0,30,0.31369186577738184,0.28642857142857137,0.39
gumbel,1.0,2.0,30,0.6859575778909893,0.7585087719298245,3.375
gumbel,1.0,2.0,30,0.6859575778909893,0.20635338345864665,0.26
gumbel,1.0,2.0,30,0.6859575778909893,0.43245614035087715,0.81
gumbel,1.0,2.0,30,0.6859575778909893,0.01496240601503756,0.015
gumbel,1.0,2.0,30,0.6859575778909893,0.6455764411027568,1.57
gumbel,1.0,2.0,30,0.6859575778909893,0.07750626566416041,0.09
gumbel,1.0,2.0,30,0.6859575778909893,0.17414786967418538,0.215
gumbel,1.0,2.0,30,0.6859575778909893,0.7087092731829573,3.035
gumbel,1.0,2.0,30,1.5,0.903483709273183,11.095
gumbel,1.0,2.0,30,1.5,0.7090726817042607,3.495
gumbel,1.0,2.0,30,1.5,0.7724185463659148,4.56
gumbel,1.0,2.0,30,1.5,0.49468671679198006,1.855
gumbel,1.0,2.0,30,1.5,0.7963408521303258,5.635
gumbel,1.0,2.0,30,1.5,0.5961654135338346,2.09
gumbel,1.0,2.0,30,1.5,0.6173057644110277,2.125
gumbel,1.0,2.0,30,1.5,0.911842105263158,11.29
gumbel,1.0,2.0,300,0.03,0.0,0.0
gumbel,1.0,2.0,300,0.03,0.0,0.0
gumbel,1.0,2.0,300,0.03,0.0,0.0
gumbel,1.0,2.0,300,0.03,0.0,0.0
gumbel,1.0,2.0,300,0.03,0.0,0.0
gumbel,1.0,2.0,300,0.03,0.0,0.0
gumbel,1.0,2.0,300,0.03,0.0,0.0
gumbel,1.0,2.0,300,0.03,0.0,0.0
gumbel,1.0,2.0,300,0.06560172443659668,0.0,0.0
gumbel,1.0,2.0,300,0.06560172443659668,0.0,0.0
gumbel,1.0,2.0,300,0.06560172443659668,0.0,0.0
gumbel,1.0,2.0,300,0.06560172443659668,0.0,0.0
gumbel,1.0,2.0,300,0.06560172443659668,0.004999999999999922,0.005
gumbel,1.0,2.0,300,0.06560172443659668,0.0,0.0
gumbel,1.0,2.0,300,0.06560172443659668,0.0,0.0
gumbel,1.0,2.0,300,0.06560172443659668,0.0,0.0
gumbel,1.0,2.0,300,0.1434528749685055,0.0,0.0
gumbel,1.0,2.0,300,0.1434528749685055,0.0,0.0
gumbel,1.0,2.0,300,0.1434528749685055,0.0,0.0
gumbel,1.0,2.0,300,0.1434528749685055,0.0,0.0
gumbel,1.0,2.0,300,0.1434528749685055,0.10865914786967426,0.115
gumbel,1.0,2.0,300,0.1434528749685055,0.0,0.0
gumbel,1.0,2.0,300,0.1434528749685055,0.06304511278195488,0.065
gumbel,1.0,2.0,300,0.1434528749685055,0.0,0.0
gumbel,1.0,2.0,300,0.31369186577738184,0.0,0.0
gumbel,1.0,2.0,300,0.31369186577738184,0.0,0.0
gumbel,1.0,2.0,300,0.31369186577738184,0.04936090225563926,0.07
gumbel,1.0,2.0,300,0.31369186577738184,0.1804511278195488,0.2
gumbel,1.0,2.0,300,0.31369186577738184,0.458546365914787,0.81
gumbel,1.0,2.0,300,0.31369186577738184,0.0,0.0
gumbel,1.0,2.0,300,0.31369186577738184,0.34375939849624043,0.5
gumbel,1.0,2.0,300,0.31369186577738184,0.058345864661654166,0.06
gumbel,1.0,2.0,300,0.6859575778909893,0.06865914786967434,0.095
gumbel,1.0,2.0,300,0.6859575778909893,0.2896115288220552,0.545
gumbel,1.0,2.0,300,0.6859575778909893,0.6857142857142856,3.12
gumbel,1.0,2.0,300,0.6859575778909893,0.46312030075187977,0.76
gumbel,1.0,2.0,300,0.6859575778909893,0.7518796992481203,3.79
gumbel,1.0,2.0,300,0.6859575778909893,0.1740977443609022,0.23
gumbel,1.0,2.0,300,0.6859575778909893,0.7234711779448622,2.54
gumbel,1.0,2.0,300,0.6859575778909893,0.41461152882205515,0.705
gumbel,1.0,2.0,300,1.5,0.7389598997493733,7.22
gumbel,1.0,2.0,300,1.5,0.8357393483709272,11.805
gumbel,1.0,2.0,300,1.5,0.9494486215538847,36.925
gumbel,1.0,2.0,300,1.5,0.7780075187969925,7.955
gumbel,1.0,2.0,300,1.5,0.929924812030075,32.865
gumbel,1.0,2.0,300,1.5,0.7289473684210527,3.46
gumbel,1.0,2.0,300,1.5,0.9142857142857144,19.175
gumbel,1.0,2.0,300,1.5,0.7810902255639098,7.92
frechet,2.0,0.5,30,0.03,0.9276190476190477,5.545
frechet,2.0,0.5,30,0.03,0.5004887218045114,1.41
frechet,2.0,0.5,30,0.03,0.9346992481203007,6.495
frechet,2.0,0.5,30,0.03,0.934423558897243,5.595
frechet,2.0,0.5,30,0.03,0.9570802005012531,7.7
frechet,2.0,0.5,30,0.03,0.9565664160401003,7.345
frechet,2.0,0.5,30,0.03,0.9183709273182957,5.58
frechet,2.0,0.5,30,0.03,0.9311654135338345,6.245
frechet,2.0,0.5,30,0.06560172443659668,0.9601127819548871,7.655
frechet,2.0,0.5,30,0.06560172443659668,0.7200375939849625,2.91
frechet,2.0,0.5,30,0.06560172443659668,0.9608646616541353,9.855
frechet,2.0,0.5,30,0.06560172443659668,0.9609147869674185,8.485
frechet,2.0,0.5,30,0.06560172443659668,0.9651754385964911,9.985
frechet,2.0,0.5,30,0.06560172443659668,0.963671679197995,8.955
frechet,2.0,0.5,30,0.06560172443659668,0.9525187969924812,7.315
frechet,2.0,0.5,30,0.06560172443659668,0.9635964912280701,8.62
frechet,2.0,0.5,30,0.1434528749685055,0.9647994987468671,10.025
frechet,2.0,0.5,30,0.1434528749685055,0.7810025062656641,3.445
frechet,2.0,0.5,30,0.1434528749685055,0.9649122807017544,11.62
frechet,2.0,0.5,30,0.1434528749685055,0.9671929824561404,10.965
frechet,2.0,0.5,30,0.1434528749685055,0.9659147869674186,12.78
frechet,2.0,0.5,30,0.1434528749685055,0.96531328320802,14.295
frechet,2.0,0.5,30,0.1434528749685055,0.9660651629072681,10.495
frechet,2.0,0.5,30,0.1434528749685055,0.9660401002506266,11.285
frechet,2.0,0.5,30,0.31369186577738184,0.9675187969924811,14.185
frechet,2.0,0.5,30,0.31369186577738184,0.8988721804511277,3.655
frechet,2.0,0.5,30,0.31369186577738184,0.9662531328320803,15.31
frechet,2.0,0.5,30,0.31369186577738184,0.9672055137844612,15.1
frechet,2.0,0.5,30,0.31369186577738184,0.9654135338345864,17.49
frechet,2.0,0.5,30,0.31369186577738184,0.9673182957393484,18.945
frechet,2.0,0.5,30,0.31369186577738184,0.9669298245614035,13.24
frechet,2.0,0.5,30,0.31369186577738184,0.9665538847117794,15.58
frechet,2.0,0.5,30,0.6859575778909893,0.9657769423558898,17.875
frechet,2.0,0.5,30,0.6859575778909893,0.9371177944862156,6.19
frechet,2.0,0.5,30,0.6859575778909893,0.9673308270676692,19.88
frechet,2.0,0.5,30,0.6859575778909893,0.9668796992481203,21.655
frechet,2.0,0.5,30,0.6859575778909893,0.967406015037594,22.545
frechet,2.0,0.5,30,0.6859575778909893,0.9671804511278195,21.24
frechet,2.0,0.5,30,0.6859575778909893,0.9679072681704262,17.66
frechet,2.0,0.5,30,0.6859575778909893,0.9669924812030075,17.755
frechet,2.0,0.5,30,1.5,0.9675187969924811,21.36
frechet,2.0,0.5,30,1.5,0.9624436090225563,8.335
frechet,2.0,0.5,30,1.5,0.9672055137844612,23.675
frechet,2.0,0.5,30,1.5,0.9667293233082708,24.31
frechet,2.0,0.5,30,1.5,0.9656766917293234,26.01
frechet,2.0,0.5,30,1.5,0.9658395989974937,24.51
frechet,2.0,0.5,30,1.5,0.9662531328320803,21.295
frechet,2.0,0.5,30,1.5,0.966453634085213,22.005
frechet,2.0,0.5,300,0.03,0.996203007518797,50.16
frechet,2.0,0.5,300,0.03,0.9970175438596491,35.87
frechet,2.0,0.5,300,0.03,0.9968671679197995,46.635
frechet,2.0,0.5,300,0.03,0.9969548872180451,58.915
frechet,2.0,0.5,300,0.03,0.9967669172932332,32.865
frechet,2.0,0.5,300,0.03,0.9961654135338345,24.87
frechet,2.0,0.5,300,0.03,0.9967794486215539,67.93
frechet,2.0,0.5,300,0.03,0.9965413533834586,57.775
frechet,2.0,0.5,300,0.06560172443659668,0.9965664160401002,65.43
frechet,2.0,0.5,300,0.06560172443659668,0.9967293233082707,63.06
frechet,2.0,0.5,300,0.06560172443659668,0.9967919799498746,57.73
frechet,2.0,0.5,300,0.06560172443659668,0.9967042606516291,92.705
frechet,2.0,0.5,300,0.06560172443659668,0.9965413533834586,60.675
frechet,2.0,0.5,300,0.06560172443659668,0.9968421052631579,30.27
frechet,2.0,0.5,300,0.06560172443659668,0.996203007518797,94.04
frechet,2.0,0.5,300,0.06560172443659668,0.9966290726817043,70.775
frechet,2.0,0.5,300,0.1434528749685055,0.9968796992481203,91.47
frechet,2.0,0.5,300,0.1434528749685055,0.996390977443609,78.855
frechet,2.0,0.5,300,0.1434528749685055,0.9965037593984961,84.555
frechet,2.0,0.5,300,0.1434528749685055,0.9967293233082707,113.115
frechet,2.0,0.5,300,0.1434528749685055,0.9967167919799499,82.36
frechet,2.0,0.5,300,0.1434528749685055,0.9969423558897244,34.375
frechet,2.0,0.5,300,0.1434528749685055,0.9968671679197995,145.825
frechet,2.0,0.5,300,0.1434528749685055,0.9968295739348372,96.505
frechet,2.0,0.5,300,0.31369186577738184,0.9969924812030075,124.26
frechet,2.0,0.5,300,0.31369186577738184,0.996578947368421,102.595
frechet,2.0,0.5,300,0.31369186577738184,0.9969423558897242,123.15
frechet,2.0,0.5,300,0.31369186577738184,0.9962907268170426,146.54
frechet,2.0,0.5,300,0.31369186577738184,0.9964411027568922,126.79
frechet,2.0,0.5,300,0.31369186577738184,0.9968170426065164,53.535
frechet,2.0,0.5,300,0.31369186577738184,0.9966917293233083,166.9
frechet,2.0,0.5,300,0.31369186577738184,0.996516290726817,130.165
frechet,2.0,0.5,300,0.6859575778909893,0.9969548872180451,178.765
frechet,2.0,0.5,300,0.6859575778909893,0.9967543859649124,137.515
frechet,2.0,0.5,300,0.6859575778909893,0.9967794486215539,171.265
frechet,2.0,0.5,300,0.6859575778909893,0.9968546365914787,198.44
frechet,2.0,0.5,300,0.6859575778909893,0.9968671679197995,143.44
frechet,2.0,0.5,300,0.6859575778909893,0.9965037593984961,64.93
frechet,2.0,0.5,300,0.6859575778909893,0.9964661654135339,219.945
frechet,2.0,0.5,300,0.6859575778909893,0.9965538847117794,176.585
frechet,2.0,0.5,300,1.5,0.9968045112781956,209.33
frechet,2.0,0.5,300,1.5,0.9967794486215539,186.015
frechet,2.0,0.5,300,1.5,0.9967042606516291,202.355
frechet,2.0,0.5,300,1.5,0.9968671679197995,239.445
frechet,2.0,0.5,300,1.5,0.9967669172932332,182.5
frechet,2.0,0.5,300,1.5,0.9968546365914787,100.225
frechet,2.0,0.5,300,1.5,0.9964912280701755,250.625
frechet,2.0,0.5,300,1.5,0.9967794486215539,207.34
frechet,2.0,1.0,30,0.03,0.15804511278195496,0.17
frechet,2.0,1.0,30,0.03,0.3104135338345867,0.56
frechet,2.0,1.0,30,0.03,0.24233082706766904,0.27
frechet,2.0,1.0,30,0.03,0.1717293233082707,0.555
frechet,2.0,1.0,30,0.03,0.23374686716791984,0.71
frechet,2.0,1.0,30,0.03,0.14899749373433596,0.44
frechet,2.0,1.0,30,0.03,0.5217042606516291,1.34
frechet,2.0,1.0,30,0.03,0.22961152882205502,0.27
frechet,2.0,1.0,30,0.06560172443659668,0.42312030075187984,0.71
frechet,2.0,1.0,30,0.06560172443659668,0.5276065162907269,1.325
frechet,2.0,1.0,30,0.06560172443659668,0.4114285714285714,1.075
frechet,2.0,1.0,30,0.06560172443659668,0.34690476190476205,0.905
frechet,2.0,1.0,30,0.06560172443659668,0.4440726817042607,0.74
frechet,2.0,1.0,30,0.06560172443659668,0.2769924812030075,0.455
frechet,2.0,1.0,30,0.06560172443659668,0.7428571428571428,2.425
frechet,2.0,1.0,30,0.06560172443659668,0.5381203007518797,1.74
frechet,2.0,1.0,30,0.1434528749685055,0.6225563909774436,1.375
frechet,2.0,1.0,30,0.1434528749685055,0.807844611528822,3.375
frechet,2.0,1.0,30,0.1434528749685055,0.640576441102757,1.655
frechet,2.0,1.0,30,0.1434528749685055,0.572844611528822,1.57
frechet,2.0,1.0,30,0.1434528749685055,0.7106140350877195,1.825
frechet,2.0,1.0,30,0.1434528749685055,0.5956892230576442,2.305
frechet,2.0,1.0,30,0.1434528749685055,0.9028320802005013,4.335
frechet,2.0,1.0,30,0.1434528749685055,0.8253634085213032,3.225
frechet,2.0,1.0,30,0.31369186577738184,0.8397744360902255,3.0
frechet,2.0,1.0,30,0.31369186577738184,0.9451002506265664,6.28
frechet,2.0,1.0,30,0.31369186577738184,0.9052380952380953,5.015
frechet,2.0,1.0,30,0.31369186577738184,0.7755764411027568,2.63
frechet,2.0,1.0,30,0.31369186577738184,0.8786842105263157,4.32
frechet,2.0,1.0,30,0.31369186577738184,0.8323558897243108,4.05
frechet,2.0,1.0,30,0.31369186577738184,0.9551503759398495,7.8
frechet,2.0,1.0,30,0.31369186577738184,0.9260526315789473,6.085
frechet,2.0,1.0,30,0.6859575778909893,0.9471052631578947,7.66
frechet,2.0,1.0,30,0.6859575778909893,0.9663157894736842,12.67
frechet,2.0,1.0,30,0.6859575778909893,0.9562030075187969,8.655
frechet,2.0,1.0,30,0.6859575778909893,0.9368671679197995,6.175
frechet,2.0,1.0,30,0.6859575778909893,0.9598245614035087,9.89
frechet,2.0,1.0,30,0.6859575778909893,0.9566040100250627,8.34
frechet,2.0,1.0,30,0.6859575778909893,0.9650626566416041,15.54
frechet,2.0,1.0,30,0.6859575778909893,0.9642606516290727,12.345
frechet,2.0,1.0,30,1.5,0.9662531328320803,13.455
frechet,2.0,1.0,30,1.5,0.9662907268170426,19.145
frechet,2.0,1.0,30,1.5,0.966328320802005,16.35
frechet,2.0,1.0,30,1.5,0.9653258145363408,12.7
frechet,2.0,1.0,30,1.5,0.9663157894736842,15.125
frechet,2.0,1.0,30,1.5,0.9640225563909774,12.73
frechet,2.0,1.0,30,1.5,0.9670300751879698,22.0
frechet,2.0,1.0,30,1.5,0.966829573934837,19.295
frechet,2.0,1.0,300,0.03,0.7831203007518797,4.52
frechet,2.0,1.0,300,0.03,0.9800877192982457,4.565
frechet,2.0,1.0,300,0.03,0.7571804511278196,4.345
frechet,2.0,1.0,300,0.03,0.5102756892230578,2.215
frechet,2.0,1.0,300,0.03,0.8168922305764411,4.83
frechet,2.0,1.0,300,0.03,0.8185338345864662,1.75
frechet,2.0,1.0,300,0.03,0.841140350877193,3.47
frechet,2.0,1.0,300,0.03,0.9161904761904762,8.46
frechet,2.0,1.0,300,0.06560172443659668,0.965639097744361,7.935
frechet,2.0,1.0,300,0.06560172443659668,0.9957518796992482,13.65
frechet,2.0,1.0,300,0.06560172443659668,0.9573182957393485,9.615
frechet,2.0,1.0,300,0.06560172443659668,0.7926065162907266,6.065
frechet,2.0,1.0,300,0.06560172443659668,0.9865914786967419,6.18
frechet,2.0,1.0,300,0.06560172443659668,0.9849248120300752,11.455
frechet,2.0,1.0,300,0.06560172443659668,0.9718546365914786,5.48
frechet,2.0,1.0,300,0.06560172443659668,0.9909022556390977,12.7
frechet,2.0,1.0,300,0.1434528749685055,0.9961779448621553,14.16
frechet,2.0,1.0,300,0.1434528749685055,0.9964035087719298,28.83
frechet,2.0,1.0,300,0.1434528749685055,0.9947744360902256,11.2
frechet,2.0,1.0,300,0.1434528749685055,0.9636967418546366,9.695
frechet,2.0,1.0,300,0.1434528749685055,0.9963784461152883,14.445
frechet,2.0,1.0,300,0.1434528749685055,0.9959398496240601,17.04
frechet,2.0,1.0,300,0.1434528749685055,0.9961152882205514,15.01
frechet,2.0,1.0,300,0.1434528749685055,0.9965288220551378,17.34
frechet,2.0,1.0,300,0.31369186577738184,0.996265664160401,32.475
frechet,2.0,1.0,300,0.31369186577738184,0.996453634085213,65.02
frechet,2.0,1.0,300,0.31369186577738184,0.9966165413533835,28.43
frechet,2.0,1.0,300,0.31369186577738184,0.9966165413533835,18.65
frechet,2.0,1.0,300,0.31369186577738184,0.996641604010025,39.38
frechet,2.0,1.0,300,0.31369186577738184,0.9968295739348372,33.865
frechet,2.0,1.0,300,0.31369186577738184,0.9966541353383458,37.005
frechet,2.0,1.0,300,0.31369186577738184,0.996967418546366,38.725
frechet,2.0,1.0,300,0.6859575778909893,0.996516290726817,79.01
frechet,2.0,1.0,300,0.6859575778909893,0.9964786967418547,130.245
frechet,2.0,1.0,300,0.6859575778909893,0.9966666666666667,56.74
frechet,2.0,1.0,300,0.6859575778909893,0.9967418546365915,34.25
frechet,2.0,1.0,300,0.6859575778909893,0.9964285714285714,68.255
frechet,2.0,1.0,300,0.6859575778909893,0.9962531328320802,75.105
frechet,2.0,1.0,300,0.6859575778909893,0.9965664160401002,86.14
frechet,2.0,1.0,300,0.6859575778909893,0.9968295739348372,100.68
frechet,2.0,1.0,300,1.5,0.9969423558897242,121.81
frechet,2.0,1.0,300,1.5,0.9964661654135339,211.17
frechet,2.0,1.0,300,1.5,0.9967794486215539,127.56
frechet,2.0,1.0,300,1.5,0.9967293233082707,71.83
frechet,2.0,1.0,300,1.5,0.9968796992481203,147.25
frechet,2.0,1.0,300,1.5,0.997092731829574,134.47
frechet,2.0,1.0,300,1.5,0.9963408521303259,145.68
frechet,2.0,1.0,300,1.5,0.9964912280701755,164.765
frechet,2.0,1.5,30,0.03,0.009987468671679184,0.01
frechet,2.0,1.5,30,0.03,0.16627819548872183,0.225
frechet,2.0,1.5,30,0.03,0.01496240601503756,0.015
frechet,2.0,1.5,30,0.03,0.0,0.0
frechet,2.0,1.5,30,0.03,0.039561403508772,0.04
frechet,2.0,1.5,30,0.03,0.0099749373433583,0.02
frechet,2.0,1.5,30,0.03,0.4030325814536342,0.565
frechet,2.0,1.5,30,0.03,0.004999999999999922,0.145
frechet,2.0,1.5,30,0.06560172443659668,0.024874686716791994,0.165
frechet,2.0,1.5,30,0.06560172443659668,0.47492481203007497,1.04
frechet,2.0,1.5,30,0.06560172443659668,0.10694235588972449,0.125
frechet,2.0,1.5,30,0.06560172443659668,0.01496240601503756,0.015
frechet,2.0,1.5,30,0.06560172443659668,0.10624060150375944,0.115
frechet,2.0,1.5,30,0.06560172443659668,0.01496240601503756,0.015
frechet,2.0,1.5,30,0.06560172443659668,0.5219298245614035,0.94
frechet,2.0,1.5,30,0.06560172443659668,0.004999999999999922,0.005
frechet,2.0,1.5,30,0.1434528749685055,0.06398496240601495,0.065
frechet,2.0,1.5,30,0.1434528749685055,0.6066416040100252,1.4
frechet,2.0,1.5,30,0.1434528749685055,0.25106516290726816,0.46
frechet,2.0,1.5,30,0.1434528749685055,0.034724310776942345,0.175
frechet,2.0,1.5,30,0.1434528749685055,0.25106516290726805,0.285
frechet,2.0,1.5,30,0.1434528749685055,0.14863408521303254,0.45
frechet,2.0,1.5,30,0.1434528749685055,0.7097994987468671,2.125
frechet,2.0,1.5,30,0.1434528749685055,0.034724310776942345,0.175
frechet,2.0,1.5,30,0.31369186577738184,0.2471052631578947,0.47
frechet,2.0,1.5,30,0.31369186577738184,0.8402255639097744,4.09
frechet,2.0,1.5,30,0.31369186577738184,0.6280827067669172,2.07
frechet,2.0,1.5,30,0.31369186577738184,0.1532581453634085,0.165
frechet,2.0,1.5,30,0.31369186577738184,0.4896616541353384,0.72
frechet,2.0,1.5,30,0.31369186577738184,0.4225438596491227,1.095
frechet,2.0,1.5,30,0.31369186577738184,0.8773934837092732,5.175
frechet,2.0,1.5,30,0.31369186577738184,0.06394736842105252,0.205
frechet,2.0,1.5,30,0.6859575778909893,0.6194611528822055,2.335
frechet,2.0,1.5,30,0.6859575778909893,0.9360025062656643,10.03
frechet,2.0,1.5,30,0.6859575778909893,0.9129824561403508,5.995
frechet,2.0,1.5,30,0.6859575778909893,0.4906766917293234,1.8
frechet,2.0,1.5,30,0.6859575778909893,0.8077944862155387,2.615
frechet,2.0,1.5,30,0.6859575778909893,0.841578947368421,4.415
frechet,2.0,1.5,30,0.6859575778909893,0.9508395989974937,12.795
frechet,2.0,1.5,30,0.6859575778909893,0.18957393483709267,0.355
frechet,2.0,1.5,30,1.5,0.9365037593984963,7.545
frechet,2.0,1.5,30,1.5,0.9650626566416041,16.82
frechet,2.0,1.5,30,1.5,0.958859649122807,14.355
frechet,2.0,1.5,30,1.5,0.8821177944862155,4.925
frechet,2.0,1.5,30,1.5,0.9453634085213032,9.93
frechet,2.0,1.5,30,1.5,0.9553634085213033,10.48
frechet,2.0,1.5,30,1.5,0.9645614035087718,20.305
frechet,2.0,1.5,30,1.5,0.6255137844611529,1.775
frechet,2.0,1.5,300,0.03,0.0976190476190476,0.1
frechet,2.0,1.5,300,0.03,0.024874686716791883,0.025
frechet,2.0,1.5,300,0.03,0.15837092731829572,0.185
frechet,2.0,1.5,300,0.03,0.23013784461152903,0.305
frechet,2.0,1.5,300,0.03,0.049436090225563896,0.05
frechet,2.0,1.5,300,0.03,0.08327067669172936,0.09
frechet,2.0,1.5,300,0.03,0.2818796992481202,0.345
frechet,2.0,1.5,300,0.03,0.5934586466165412,1.015
frechet,2.0,1.5,300,0.06560172443659668,0.36028822055137827,0.445
frechet,2.0,1.5,300,0.06560172443659668,0.11182957393483725,0.115
frechet,2.0,1.5,300,0.06560172443659668,0.48781954887218054,2.16
frechet,2.0,1.5,300,0.06560172443659668,0.3722305764411027,0.48
frechet,2.0,1.5,300,0.06560172443659668,0.1811779448621554,0.195
frechet,2.0,1.5,300,0.06560172443659668,0.356265664160401,2.54
frechet,2.0,1.5,300,0.06560172443659668,0.7019172932330827,1.35
frechet,2.0,1.5,300,0.06560172443659668,0.845438596491228,3.845
frechet,2.0,1.5,300,0.1434528749685055,0.6946616541353384,1.78
frechet,2.0,1.5,300,0.1434528749685055,0.2734335839598997,0.32
frechet,2.0,1.5,300,0.1434528749685055,0.8527443609022557,3.665
frechet,2.0,1.5,300,0.1434528749685055,0.8247117794486214,3.27
frechet,2.0,1.5,300,0.1434528749685055,0.5137719298245614,3.915
frechet,2.0,1.5,300,0.1434528749685055,0.7596491228070175,4.515
frechet,2.0,1.5,300,0.1434528749685055,0.9733834586466166,4.8
frechet,2.0,1.5,300,0.1434528749685055,0.9849749373433584,8.575
frechet,2.0,1.5,300,0.31369186577738184,0.9851754385964911,10.46
frechet,2.0,1.5,300,0.31369186577738184,0.7027067669172932,2.705
frechet,2.0,1.5,300,0.31369186577738184,0.9929573934837093,9.39
frechet,2.0,1.5,300,0.31369186577738184,0.9922932330827068,11.12
frechet,2.0,1.5,300,0.31369186577738184,0.8715037593984961,9.505
frechet,2.0,1.5,300,0.31369186577738184,0.989172932330827,9.695
frechet,2.0,1.5,300,0.31369186577738184,0.9965914786967418,29.99
frechet,2.0,1.5,300,0.31369186577738184,0.9968796992481203,32.725
frechet,2.0,1.5,300,0.6859575778909893,0.9970050125313283,40.505
frechet,2.0,1.5,300,0.6859575778909893,0.9852255639097744,8.435
frechet,2.0,1.5,300,0.6859575778909893,0.9968045112781956,49.765
frechet,2.0,1.5,300,0.6859575778909893,0.9963157894736842,48.34
frechet,2.0,1.5,300,0.6859575778909893,0.9961904761904762,19.3
frechet,2.0,1.5,300,0.6859575778909893,0.996892230576441,42.535
frechet,2.0,1.5,300,0.6859575778909893,0.9966165413533835,93.29
frechet,2.0,1.5,300,0.6859575778909893,0.9964160401002506,98.665
frechet,2.0,1.5,300,1.5,0.9966040100250626,125.145
frechet,2.0,1.5,300,1.5,0.9964160401002506,32.615
frechet,2.0,1.5,300,1.5,0.9963157894736842,145.82
frechet,2.0,1.5,300,1.5,0.9964160401002506,119.64
frechet,2.0,1.5,300,1.5,0.9966165413533835,67.695
frechet,2.0,1.5,300,1.5,0.9967167919799499,128.78
frechet,2.0,1.5,300,1.5,0.9968295739348372,177.14
frechet,2.0,1.5,300,1.5,0.9964786967418547,198.07
frechet,2.0,2.0,30,0.03,0.0,0.0
frechet,2.0,2.0,30,0.03,0.0,0.0
frechet,2.0,2.0,30,0.03,0.0099749373433583,0.01
frechet,2.0,2.0,30,0.03,0.0,0.0
frechet,2.0,2.0,30,0.03,0.4605388471177945,0.715
frechet,2.0,2.0,30,0.03,0.0,0.0
frechet,2.0,2.0,30,0.03,0.0,0.0
frechet,2.0,2.0,30,0.03,0.0,0.0
frechet,2.0,2.0,30,0.06560172443659668,0.16031328320801996,0.19
frechet,2.0,2.0,30,0.06560172443659668,0.0,0.0
frechet,2.0,2.0,30,0.06560172443659668,0.29026315789473683,0.36
frechet,2.0,2.0,30,0.06560172443659668,0.0,0.0
frechet,2.0,2.0,30,0.06560172443659668,0.4940350877192981,0.88
frechet,2.0,2.0,30,0.06560172443659668,0.0,0.0
frechet,2.0,2.0,30,0.06560172443659668,0.0,0.0
frechet,2.0,2.0,30,0.06560172443659668,0.0,0.0
frechet,2.0,2.0,30,0.1434528749685055,0.5956766917293232,1.505
frechet,2.0,2.0,30,0.1434528749685055,0.0,0.0
frechet,2.0,2.0,30,0.1434528749685055,0.5539724310776942,1.135
frechet,2.0,2.0,30,0.1434528749685055,0.0,0.0
frechet,2.0,2.0,30,0.1434528749685055,0.4976315789473684,0.915
frechet,2.0,2.0,30,0.1434528749685055,0.0,0.0
frechet,2.0,2.0,30,0.1434528749685055,0.0,0.0
frechet,2.0,2.0,30,0.1434528749685055,0.01492481203007513,0.015
frechet,2.0,2.0,30,0.31369186577738184,0.8332581453634086,5.53
frechet,2.0,2.0,30,0.31369186577738184,0.0,0.0
frechet,2.0,2.0,30,0.31369186577738184,0.724937343358396,2.93
frechet,2.0,2.0,30,0.31369186577738184,0.0,0.0
frechet,2.0,2.0,30,0.31369186577738184,0.5075563909774435,1.07
frechet,2.0,2.0,30,0.31369186577738184,0.004999999999999922,0.005
frechet,2.0,2.0,30,0.31369186577738184,0.0,0.0
frechet,2.0,2.0,30,0.31369186577738184,0.2304636591478696,0.27
frechet,2.0,2.0,30,0.6859575778909893,0.9369298245614035,15.995
frechet,2.0,2.0,30,0.6859575778909893,0.0,0.0
frechet,2.0,2.0,30,0.6859575778909893,0.8819924812030076,9.97
frechet,2.0,2.0,30,0.6859575778909893,0.0440977443609021,0.045
frechet,2.0,2.0,30,0.6859575778909893,0.666140350877193,2.595
frechet,2.0,2.0,30,0.6859575778909893,0.10865914786967426,0.115
frechet,2.0,2.0,30,0.6859575778909893,0.0,0.0
frechet,2.0,2.0,30,0.6859575778909893,0.5171052631578948,1.39
frechet,2.0,2.0,30,1.5,0.9643358395989976,22.485
frechet,2.0,2.0,30,1.5,0.10184210526315783,0.21
frechet,2.0,2.0,30,1.5,0.9493107769423559,19.43
frechet,2.0,2.0,30,1.5,0.5495488721804512,1.73
frechet,2.0,2.0,30,1.5,0.8894235588972431,11.52
frechet,2.0,2.0,30,1.5,0.6661403508771929,2.935
frechet,2.0,2.0,30,1.5,0.12345864661654123,0.15
frechet,2.0,2.0,30,1.5,0.8678822055137844,8.42
frechet,2.0,2.0,300,0.03,0.0,0.0
frechet,2.0,2.0,300,0.03,0.0,0.0
frechet,2.0,2.0,300,0.03,0.0,0.0
frechet,2.0,2.0,300,0.03,0.0,0.0
frechet,2.0,2.0,300,0.03,0.0,0.0
frechet,2.0,2.0,300,0.03,0.41283208020050133,0.58
frechet,2.0,2.0,300,0.03,0.0,0.0
frechet,2.0,2.0,300,0.03,0.0,0.0
frechet,2.0,2.0,300,0.06560172443659668,0.0,0.0
frechet,2.0,2.0,300,0.06560172443659668,0.0,0.0
frechet,2.0,2.0,300,0.06560172443659668,0.0,0.0
frechet,2.0,2.0,300,0.06560172443659668,0.0,0.0
frechet,2.0,2.0,300,0.06560172443659668,0.0,0.0
frechet,2.0,2.0,300,0.06560172443659668,0.5030200501253131,0.935
frechet,2.0,2.0,300,0.06560172443659668,0.0,0.0
frechet,2.0,2.0,300,0.06560172443659668,0.019849624060150416,0.02
frechet,2.0,2.0,300,0.1434528749685055,0.0,0.0
frechet,2.0,2.0,300,0.1434528749685055,0.09701754385964918,0.105
frechet,2.0,2.0,300,0.1434528749685055,0.0,0.0
frechet,2.0,2.0,300,0.1434528749685055,0.0,0.0
frechet,2.0,2.0,300,0.1434528749685055,0.0,0.0
frechet,2.0,2.0,300,0.1434528749685055,0.7336967418546366,4.35
frechet,2.0,2.0,300,0.1434528749685055,0.004999999999999922,0.005
frechet,2.0,2.0,300,0.1434528749685055,0.3131578947368422,0.57
frechet,2.0,2.0,300,0.31369186577738184,0.0,0.0
frechet,2.0,2.0,300,0.31369186577738184,0.8654761904761904,18.74
frechet,2.0,2.0,300,0.31369186577738184,0.0,0.0
frechet,2.0,2.0,300,0.31369186577738184,0.0,0.0
frechet,2.0,2.0,300,0.31369186577738184,0.0,0.0
frechet,2.0,2.0,300,0.31369186577738184,0.95437343358396,53.835
frechet,2.0,2.0,300,0.31369186577738184,0.19740601503759403,0.245
frechet,2.0,2.0,300,0.31369186577738184,0.8539598997493735,15.15
frechet,2.0,2.0,300,0.6859575778909893,0.024749373433583934,0.025
frechet,2.0,2.0,300,0.6859575778909893,0.9918170426065164,118.19
frechet,2.0,2.0,300,0.6859575778909893,0.004999999999999922,0.005
frechet,2.0,2.0,300,0.6859575778909893,0.0,0.0
frechet,2.0,2.0,300,0.6859575778909893,0.6244486215538848,6.02
frechet,2.0,2.0,300,0.6859575778909893,0.9943984962406015,166.32
frechet,2.0,2.0,300,0.6859575778909893,0.7230576441102757,9.875
frechet,2.0,2.0,300,0.6859575778909893,0.9918671679197995,102.32
frechet,2.0,2.0,300,1.5,0.764749373433584,13.015
frechet,2.0,2.0,300,1.5,0.9966290726817043,207.3
frechet,2.0,2.0,300,1.5,0.7789097744360903,11.555
frechet,2.0,2.0,300,1.5,0.01496240601503756,0.05
frechet,2.0,2.0,300,1.5,0.9842731829573934,87.43
frechet,2.0,2.0,300,1.5,0.9962280701754386,229.85
frechet,2.0,2.0,300,1.5,0.9881829573934836,96.59
frechet,2.0,2.0,300,1.5,0.9962406015037594,212.135
weibull,1.0,0.5,30,0.03,0.6144486215538849,2.15
weibull,1.0,0.5,30,0.03,0.7114912280701754,2.635
weibull,1.0,0.5,30,0.03,0.6889724310776943,1.815
weibull,1.0,0.5,30,0.03,0.7124060150375939,2.21
weibull,1.0,0.5,30,0.03,0.6670927318295741,1.765
weibull,1.0,0.5,30,0.03,0.6875689223057645,1.79
weibull,1.0,0.5,30,0.03,0.784360902255639,2.155
weibull,1.0,0.5,30,0.03,0.624674185463659,2.005
weibull,1.0,0.5,30,0.06560172443659668,0.7785839598997493,2.515
weibull,1.0,0.5,30,0.06560172443659668,0.7707518796992481,2.625
weibull,1.0,0.5,30,0.06560172443659668,0.8106641604010024,3.41
weibull,1.0,0.5,30,0.06560172443659668,0.8252005012531328,3.025
weibull,1.0,0.5,30,0.06560172443659668,0.7835213032581454,3.195
weibull,1.0,0.5,30,0.06560172443659668,0.8355639097744361,2.9
weibull,1.0,0.5,30,0.06560172443659668,0.8733709273182958,3.385
weibull,1.0,0.5,30,0.06560172443659668,0.7351503759398496,2.42
weibull,1.0,0.5,30,0.1434528749685055,0.8766040100250626,4.49
weibull,1.0,0.5,30,0.1434528749685055,0.8866917293233083,3.705
weibull,1.0,0.5,30,0.1434528749685055,0.8981453634085214,4.1
weibull,1.0,0.5,30,0.1434528749685055,0.9123934837092732,5.355
weibull,1.0,0.5,30,0.1434528749685055,0.9109022556390978,3.96
weibull,1.0,0.5,30,0.1434528749685055,0.8705137844611528,3.805
weibull,1.0,0.5,30,0.1434528749685055,0.9108646616541354,4.82
weibull,1.0,0.5,30,0.1434528749685055,0.8666040100250626,4.73
weibull,1.0,0.5,30,0.31369186577738184,0.9395488721804511,5.845
weibull,1.0,0.5,30,0.31369186577738184,0.9438471177944863,5.945
weibull,1.0,0.5,30,0.31369186577738184,0.9487092731829575,6.125
weibull,1.0,0.5,30,0.31369186577738184,0.9439598997493734,7.56
weibull,1.0,0.5,30,0.31369186577738184,0.9399498746867169,6.005
weibull,1.0,0.5,30,0.31369186577738184,0.9440350877192983,5.22
weibull,1.0,0.5,30,0.31369186577738184,0.9589473684210527,7.155
weibull,1.0,0.5,30,0.31369186577738184,0.9301127819548872,5.275
weibull,1.0,0.5,30,0.6859575778909893,0.9585087719298245,8.325
weibull,1.0,0.5,30,0.6859575778909893,0.9590476190476191,8.395
weibull,1.0,0.5,30,0.6859575778909893,0.961654135338346,8.51
weibull,1.0,0.5,30,0.6859575778909893,0.9624185463659147,10.325
weibull,1.0,0.5,30,0.6859575778909893,0.9579824561403509,9.27
weibull,1.0,0.5,30,0.6859575778909893,0.9622431077694236,8.205
weibull,1.0,0.5,30,0.6859575778909893,0.9614160401002507,9.55
weibull,1.0,0.5,30,0.6859575778909893,0.9640350877192981,8.5
weibull,1.0,0.5,30,1.5,0.9657142857142857,10.33
weibull,1.0,0.5,30,1.5,0.9661278195488722,11.455
weibull,1.0,0.5,30,1.5,0.9649498746867169,11.18
weibull,1.0,0.5,30,1.5,0.9665413533834586,13.485
weibull,1.0,0.5,30,1.5,0.9653258145363409,9.71
weibull,1.0,0.5,30,1.5,0.9634210526315791,10.64
weibull,1.0,0.5,30,1.5,0.9662907268170426,12.595
weibull,1.0,0.5,30,1.5,0.96437343358396,10.35
weibull,1.0,0.5,300,0.03,0.9773057644110276,10.41
weibull,1.0,0.5,300,0.03,0.990513784461153,9.395
weibull,1.0,0.5,300,0.03,0.9794611528822055,11.27
weibull,1.0,0.5,300,0.03,0.9750626566416041,8.225
weibull,1.0,0.5,300,0.03,0.9822305764411027,5.58
weibull,1.0,0.5,300,0.03,0.9816791979949875,8.485
weibull,1.0,0.5,300,0.03,0.9815413533834586,11.755
weibull,1.0,0.5,300,0.03,0.9905764411027569,10.98
weibull,1.0,0.5,300,0.06560172443659668,0.9935338345864662,8.53
weibull,1.0,0.5,300,0.06560172443659668,0.9959523809523809,15.93
weibull,1.0,0.5,300,0.06560172443659668,0.9928195488721804,8.185
weibull,1.0,0.5,300,0.06560172443659668,0.9920802005012532,11.255
weibull,1.0,0.5,300,0.06560172443659668,0.9950375939849625,15.325
weibull,1.0,0.5,300,0.06560172443659668,0.9948997493734336,15.45
weibull,1.0,0.5,300,0.06560172443659668,0.995,7.51
weibull,1.0,0.5,300,0.06560172443659668,0.9962406015037594,14.92
weibull,1.0,0.5,300,0.1434528749685055,0.9966290726817043,16.205
weibull,1.0,0.5,300,0.1434528749685055,0.9965037593984961,20.725
weibull,1.0,0.5,300,0.1434528749685055,0.9966290726817043,17.25
weibull,1.0,0.5,300,0.1434528749685055,0.996265664160401,20.225
weibull,1.0,0.5,300,0.1434528749685055,0.9968045112781956,22.65
weibull,1.0,0.5,300,0.1434528749685055,0.9967042606516291,16.78
weibull,1.0,0.5,300,0.1434528749685055,0.996892230576441,27.585
weibull,1.0,0.5,300,0.1434528749685055,0.9966791979949875,18.675
weibull,1.0,0.5,300,0.31369186577738184,0.9964786967418547,29.86
weibull,1.0,0.5,300,0.31369186577738184,0.9964411027568922,27.9
weibull,1.0,0.5,300,0.31369186577738184,0.996265664160401,21.13
weibull,1.0,0.5,300,0.31369186577738184,0.9967543859649124,32.61
weibull,1.0,0.5,300,0.31369186577738184,0.9967042606516291,20.2
weibull,1.0,0.5,300,0.31369186577738184,0.9968170426065164,23.965
weibull,1.0,0.5,300,0.31369186577738184,0.9964411027568922,21.405
weibull,1.0,0.5,300,0.31369186577738184,0.9967669172932332,25.755
weibull,1.0,0.5,300,0.6859575778909893,0.9964912280701755,43.295
weibull,1.0,0.5,300,0.6859575778909893,0.9967669172932332,37.28
weibull,1.0,0.5,300,0.6859575778909893,0.9967543859649124,39.425
weibull,1.0,0.5,300,0.6859575778909893,0.9965288220551378,34.51
weibull,1.0,0.5,300,0.6859575778909893,0.9967669172932332,35.67
weibull,1.0,0.5,300,0.6859575778909893,0.9968295739348372,32.83
weibull,1.0,0.5,300,0.6859575778909893,0.9967293233082707,40.28
weibull,1.0,0.5,300,0.6859575778909893,0.9966290726817043,30.955
weibull,1.0,0.5,300,1.5,0.9963157894736842,56.15
weibull,1.0,0.5,300,1.5,0.9967794486215539,53.28
weibull,1.0,0.5,300,1.5,0.9969047619047618,44.555
weibull,1.0,0.5,300,1.5,0.9968671679197995,44.885
weibull,1.0,0.5,300,1.5,0.9968671679197995,50.01
weibull,1.0,0.5,300,1.5,0.9963784461152883,46.105
weibull,1.0,0.5,300,1.5,0.9967669172932332,50.545
weibull,1.0,0.5,300,1.5,0.9964661654135339,68.53
weibull,1.0,1.0,30,0.03,0.049398496240601684,0.055
weibull,1.0,1.0,30,0.03,0.1760651629072682,0.24
weibull,1.0,1.0,30,0.03,0.4745363408521304,0.945
weibull,1.0,1.0,30,0.03,0.06872180451127831,0.1
weibull,1.0,1.0,30,0.03,0.054172932330827026,0.065
weibull,1.0,1.0,30,0.03,0.24899749373433575,0.305
weibull,1.0,1.0,30,0.03,0.3431954887218044,0.67
weibull,1.0,1.0,30,0.03,0.08305764411027555,0.23
weibull,1.0,1.0,30,0.06560172443659668,0.07842105263157893,0.11
weibull,1.0,1.0,30,0.06560172443659668,0.3056641604010026,0.405
weibull,1.0,1.0,30,0.06560172443659668,0.5606265664160401,1.055
weibull,1.0,1.0,30,0.06560172443659668,0.09716791979949879,0.12
weibull,1.0,1.0,30,0.06560172443659668,0.09751879699248132,0.105
weibull,1.0,1.0,30,0.06560172443659668,0.4055889724310777,0.56
weibull,1.0,1.0,30,0.06560172443659668,0.5151002506265664,0.895
weibull,1.0,1.0,30,0.06560172443659668,0.13926065162907278,0.325
weibull,1.0,1.0,30,0.1434528749685055,0.20289473684210532,0.275
weibull,1.0,1.0,30,0.1434528749685055,0.4846115288220551,0.86
weibull,1.0,1.0,30,0.1434528749685055,0.6193358395989975,1.705
weibull,1.0,1.0,30,0.1434528749685055,0.3435588972431079,0.79
weibull,1.0,1.0,30,0.1434528749685055,0.1892982456140351,0.365
weibull,1.0,1.0,30,0.1434528749685055,0.5310526315789473,0.965
weibull,1.0,1.0,30,0.1434528749685055,0.6328195488721806,1.535
weibull,1.0,1.0,30,0.1434528749685055,0.26601503759398504,0.85
weibull,1.0,1.0,30,0.31369186577738184,0.4407142857142858,0.965
weibull,1.0,1.0,30,0.31369186577738184,0.6674561403508773,1.665
weibull,1.0,1.0,30,0.31369186577738184,0.7595112781954886,2.435
weibull,1.0,1.0,30,0.31369186577738184,0.5058646616541355,1.475
weibull,1.0,1.0,30,0.31369186577738184,0.3716040100250626,0.715
weibull,1.0,1.0,30,0.31369186577738184,0.6176065162907269,1.905
weibull,1.0,1.0,30,0.31369186577738184,0.7621804511278194,2.435
weibull,1.0,1.0,30,0.31369186577738184,0.4523934837092732,0.89
weibull,1.0,1.0,30,0.6859575778909893,0.6878822055137845,1.98
weibull,1.0,1.0,30,0.6859575778909893,0.8094611528822054,3.27
weibull,1.0,1.0,30,0.6859575778909893,0.868734335839599,4.32
weibull,1.0,1.0,30,0.6859575778909893,0.7333082706766918,2.35
weibull,1.0,1.0,30,0.6859575778909893,0.6253383458646617,1.785
weibull,1.0,1.0,30,0.6859575778909893,0.752844611528822,2.6
weibull,1.0,1.0,30,0.6859575778909893,0.8448621553884712,3.43
weibull,1.0,1.0,30,0.6859575778909893,0.7255639097744362,2.07
weibull,1.0,1.0,30,1.5,0.8944235588972431,4.665
weibull,1.0,1.0,30,1.5,0.9166541353383458,5.64
weibull,1.0,1.0,30,1.5,0.9282456140350878,6.515
weibull,1.0,1.0,30,1.5,0.8927443609022557,4.36
weibull,1.0,1.0,30,1.5,0.8613157894736843,3.895
weibull,1.0,1.0,30,1.5,0.8881203007518798,4.285
weibull,1.0,1.0,30,1.5,0.9159899749373432,5.635
weibull,1.0,1.0,30,1.5,0.8846365914786968,3.705
weibull,1.0,1.0,300,0.03,0.04442355889724309,0.05
weibull,1.0,1.0,300,0.03,0.04942355889724323,0.05
weibull,1.0,1.0,300,0.03,0.06873433583959919,0.105
weibull,1.0,1.0,300,0.03,0.073483709273183,0.085
weibull,1.0,1.0,300,0.03,0.20696741854636594,0.28
weibull,1.0,1.0,300,0.03,0.19120300751879704,0.23
weibull,1.0,1.0,300,0.03,0.01496240601503756,0.03
weibull,1.0,1.0,300,0.03,0.20462406015037585,0.24
weibull,1.0,1.0,300,0.06560172443659668,0.15684210526315798,0.175
weibull,1.0,1.0,300,0.06560172443659668,0.15359649122807004,0.23
weibull,1.0,1.0,300,0.06560172443659668,0.17557644110275705,0.36
weibull,1.0,1.0,300,0.06560172443659668,0.22734335839599012,0.375
weibull,1.0,1.0,300,0.06560172443659668,0.3656015037593986,0.515
weibull,1.0,1.0,300,0.06560172443659668,0.36536340852130317,0.5
weibull,1.0,1.0,300,0.06560172443659668,0.068671679197995,0.1
weibull,1.0,1.0,300,0.06560172443659668,0.4198496240601502,0.66
weibull,1.0,1.0,300,0.1434528749685055,0.2874686716791978,0.46
weibull,1.0,1.0,300,0.1434528749685055,0.24209273182957378,0.355
weibull,1.0,1.0,300,0.1434528749685055,0.33255639097744366,0.61
weibull,1.0,1.0,300,0.1434528749685055,0.46560150375939846,0.78
weibull,1.0,1.0,300,0.1434528749685055,0.5516666666666666,1.01
weibull,1.0,1.0,300,0.1434528749685055,0.5289473684210525,0.87
weibull,1.0,1.0,300,0.1434528749685055,0.2163032581453634,0.26
weibull,1.0,1.0,300,0.1434528749685055,0.5368922305764411,1.255
weibull,1.0,1.0,300,0.31369186577738184,0.48828320802005015,0.86
weibull,1.0,1.0,300,0.31369186577738184,0.4783458646616541,0.74
weibull,1.0,1.0,300,0.31369186577738184,0.5282205513784461,1.21
weibull,1.0,1.0,300,0.31369186577738184,0.6405263157894737,1.18
weibull,1.0,1.0,300,0.31369186577738184,0.679611528822055,2.015
weibull,1.0,1.0,300,0.31369186577738184,0.7010902255639097,1.825
weibull,1.0,1.0,300,0.31369186577738184,0.44615288220551375,0.775
weibull,1.0,1.0,300,0.31369186577738184,0.6552882205513786,1.61
weibull,1.0,1.0,300,0.6859575778909893,0.7643734335839598,1.96
weibull,1.0,1.0,300,0.6859575778909893,0.7521804511278195,3.55
weibull,1.0,1.0,300,0.6859575778909893,0.8215789473684211,2.615
weibull,1.0,1.0,300,0.6859575778909893,0.8714411027568922,3.195
weibull,1.0,1.0,300,0.6859575778909893,0.8663533834586467,3.39
weibull,1.0,1.0,300,0.6859575778909893,0.8478822055137845,3.485
weibull,1.0,1.0,300,0.6859575778909893,0.6865162907268171,1.745
weibull,1.0,1.0,300,0.6859575778909893,0.8172305764411028,2.245
weibull,1.0,1.0,300,1.5,0.9144235588972431,7.78
weibull,1.0,1.0,300,1.5,0.9357268170426065,4.365
weibull,1.0,1.0,300,1.5,0.9383208020050124,7.19
weibull,1.0,1.0,300,1.5,0.9469924812030076,4.86
weibull,1.0,1.0,300,1.5,0.9403383458646616,5.82
weibull,1.0,1.0,300,1.5,0.95671679197995,6.1
weibull,1.0,1.0,300,1.5,0.8764285714285714,4.09
weibull,1.0,1.0,300,1.5,0.9248872180451129,4.985
weibull,1.0,1.5,30,0.03,0.0099749373433583,0.01
weibull,1.0,1.5,30,0.03,0.004999999999999922,0.005
weibull,1.0,1.5,30,0.03,0.0099749373433583,0.02
weibull,1.0,1.5,30,0.03,0.019887218045112846,0.02
weibull,1.0,1.5,30,0.03,0.4415914786967419,0.655
weibull,1.0,1.5,30,0.03,0.029624060150375903,0.03
weibull,1.0,1.5,30,0.03,0.004999999999999922,0.005
weibull,1.0,1.5,30,0.03,0.004999999999999922,0.005
weibull,1.0,1.5,30,0.06560172443659668,0.019849624060150416,0.02
weibull,1.0,1.5,30,0.06560172443659668,0.03957393483709288,0.15
weibull,1.0,1.5,30,0.06560172443659668,0.01496240601503756,0.015
weibull,1.0,1.5,30,0.06560172443659668,0.024799498746867137,0.025
weibull,1.0,1.5,30,0.06560172443659668,0.4949498746867169,0.87
weibull,1.0,1.5,30,0.06560172443659668,0.14795739348370926,0.175
weibull,1.0,1.5,30,0.06560172443659668,0.01496240601503756,0.015
weibull,1.0,1.5,30,0.06560172443659668,0.02486215538847111,0.025
weibull,1.0,1.5,30,0.1434528749685055,0.0921428571428571,0.24
weibull,1.0,1.5,30,0.1434528749685055,0.1345864661654134,0.19
weibull,1.0,1.5,30,0.1434528749685055,0.044498746867167836,0.045
weibull,1.0,1.5,30,0.1434528749685055,0.0779323308270678,0.095
weibull,1.0,1.5,30,0.1434528749685055,0.5143233082706767,1.115
weibull,1.0,1.5,30,0.1434528749685055,0.3140100250626565,0.405
weibull,1.0,1.5,30,0.1434528749685055,0.10146616541353387,0.275
weibull,1.0,1.5,30,0.1434528749685055,0.07328320802005006,0.14
weibull,1.0,1.5,30,0.31369186577738184,0.31161654135338357,0.41
weibull,1.0,1.5,30,0.31369186577738184,0.28107769423558915,0.47
weibull,1.0,1.5,30,0.31369186577738184,0.1838095238095238,0.305
weibull,1.0,1.5,30,0.31369186577738184,0.2417293233082706,0.375
weibull,1.0,1.5,30,0.31369186577738184,0.5376566416040099,1.115
weibull,1.0,1.5,30,0.31369186577738184,0.546203007518797,1.19
weibull,1.0,1.5,30,0.31369186577738184,0.2561654135338345,0.335
weibull,1.0,1.5,30,0.31369186577738184,0.25655388471177953,0.405
weibull,1.0,1.5,30,0.6859575778909893,0.5641729323308271,1.165
weibull,1.0,1.5,30,0.6859575778909893,0.5904761904761905,1.355
weibull,1.0,1.5,30,0.6859575778909893,0.5029699248120303,1.25
weibull,1.0,1.5,30,0.6859575778909893,0.554310776942356,0.995
weibull,1.0,1.5,30,0.6859575778909893,0.6025814536340852,1.44
weibull,1.0,1.5,30,0.6859575778909893,0.6892230576441103,1.975
weibull,1.0,1.5,30,0.6859575778909893,0.6153383458646617,1.42
weibull,1.0,1.5,30,0.6859575778909893,0.6472681704260653,1.715
weibull,1.0,1.5,30,1.5,0.7667919799498747,2.565
weibull,1.0,1.5,30,1.5,0.8395363408521302,3.735
weibull,1.0,1.5,30,1.5,0.8126190476190477,2.975
weibull,1.0,1.5,30,1.5,0.8013283208020049,2.93
weibull,1.0,1.5,30,1.5,0.6923308270676692,2.43
weibull,1.0,1.5,30,1.5,0.8257017543859648,3.88
weibull,1.0,1.5,30,1.5,0.8204887218045113,3.63
weibull,1.0,1.5,30,1.5,0.8626441102756892,4.51
weibull,1.0,1.5,300,0.03,0.004999999999999922,0.005
weibull,1.0,1.5,300,0.03,0.0,0.0
weibull,1.0,1.5,300,0.03,0.1517669172932331,0.165
weibull,1.0,1.5,300,0.03,0.0,0.0
weibull,1.0,1.5,300,0.03,0.039298245614035214,0.04
weibull,1.0,1.5,300,0.03,0.0,0.0
weibull,1.0,1.5,300,0.03,0.40040100250626576,0.565
weibull,1.0,1.5,300,0.03,0.039511278195488796,0.05
weibull,1.0,1.5,300,0.06560172443659668,0.0,0.0
weibull,1.0,1.5,300,0.06560172443659668,0.029774436090225623,0.04
weibull,1.0,1.5,300,0.06560172443659668,0.3496240601503758,0.45
weibull,1.0,1.5,300,0.06560172443659668,0.009987468671679184,0.02
weibull,1.0,1.5,300,0.06560172443659668,0.15788220551378448,0.22
weibull,1.0,1.5,300,0.06560172443659668,0.019924812030075276,0.02
weibull,1.0,1.5,300,0.06560172443659668,0.5166040100250625,0.955
weibull,1.0,1.5,300,0.06560172443659668,0.16963659147869675,0.225
weibull,1.0,1.5,300,0.1434528749685055,0.03946115288220559,0.05
weibull,1.0,1.5,300,0.1434528749685055,0.06863408521303267,0.075
weibull,1.0,1.5,300,0.1434528749685055,0.4989348370927319,0.825
weibull,1.0,1.5,300,0.1434528749685055,0.004999999999999922,0.005
weibull,1.0,1.5,300,0.1434528749685055,0.3491478696741855,0.48
weibull,1.0,1.5,300,0.1434528749685055,0.01496240601503756,0.015
weibull,1.0,1.5,300,0.1434528749685055,0.5922055137844614,1.345
weibull,1.0,1.5,300,0.1434528749685055,0.4575062656641604,0.845
weibull,1.0,1.5,300,0.31369186577738184,0.10582706766917294,0.115
weibull,1.0,1.5,300,0.31369186577738184,0.12949874686716786,0.18
weibull,1.0,1.5,300,0.31369186577738184,0.5186716791979951,1.01
weibull,1.0,1.5,300,0.31369186577738184,0.07803258145363409,0.08
weibull,1.0,1.5,300,0.31369186577738184,0.506002506265664,0.95
weibull,1.0,1.5,300,0.31369186577738184,0.06395989974937329,0.165
weibull,1.0,1.5,300,0.31369186577738184,0.6750751879699248,1.875
weibull,1.0,1.5,300,0.31369186577738184,0.6917543859649121,1.78
weibull,1.0,1.5,300,0.6859575778909893,0.3278947368421053,0.525
weibull,1.0,1.5,300,0.6859575778909893,0.47403508771929814,0.84
weibull,1.0,1.5,300,0.6859575778909893,0.5924937343358395,1.225
weibull,1.0,1.5,300,0.6859575778909893,0.2863032581453636,0.385
weibull,1.0,1.5,300,0.6859575778909893,0.6621804511278195,1.79
weibull,1.0,1.5,300,0.6859575778909893,0.2444736842105263,0.58
weibull,1.0,1.5,300,0.6859575778909893,0.7382706766917293,2.425
weibull,1.0,1.5,300,0.6859575778909893,0.7855889724310776,2.99
weibull,1.0,1.5,300,1.5,0.6010902255639097,1.245
weibull,1.0,1.5,300,1.5,0.7583834586466165,2.415
weibull,1.0,1.5,300,1.5,0.7492105263157894,2.53
weibull,1.0,1.5,300,1.5,0.6683959899749373,1.555
weibull,1.0,1.5,300,1.5,0.7997368421052631,3.205
weibull,1.0,1.5,300,1.5,0.6333583959899749,1.79
weibull,1.0,1.5,300,1.5,0.815751879699248,3.59
weibull,1.0,1.5,300,1.5,0.8320802005012531,3.725
weibull,1.0,2.0,30,0.03,0.0,0.0
weibull,1.0,2.0,30,0.03,0.0,0.0
weibull,1.0,2.0,30,0.03,0.0,0.0
weibull,1.0,2.0,30,0.03,0.0,0.0
weibull,1.0,2.0,30,0.03,0.0,0.0
weibull,1.0,2.0,30,0.03,0.0,0.0
weibull,1.0,2.0,30,0.03,0.0,0.0
weibull,1.0,2.0,30,0.03,0.0,0.0
weibull,1.0,2.0,30,0.06560172443659668,0.0,0.0
weibull,1.0,2.0,30,0.06560172443659668,0.0,0.0
weibull,1.0,2.0,30,0.06560172443659668,0.0,0.0
weibull,1.0,2.0,30,0.06560172443659668,0.0,0.0
weibull,1.0,2.0,30,0.06560172443659668,0.0,0.0
weibull,1.0,2.0,30,0.06560172443659668,0.039298245614035214,0.04
weibull,1.0,2.0,30,0.06560172443659668,0.0,0.0
weibull,1.0,2.0,30,0.06560172443659668,0.0,0.0
weibull,1.0,2.0,30,0.1434528749685055,0.0,0.0
weibull,1.0,2.0,30,0.1434528749685055,0.0,0.0
weibull,1.0,2.0,30,0.1434528749685055,0.0,0.0
weibull,1.0,2.0,30,0.1434528749685055,0.009987468671679184,0.01
weibull,1.0,2.0,30,0.1434528749685055,0.0,0.0
weibull,1.0,2.0,30,0.1434528749685055,0.21929824561403508,0.25
weibull,1.0,2.0,30,0.1434528749685055,0.0,0.0
weibull,1.0,2.0,30,0.1434528749685055,0.0,0.0
weibull,1.0,2.0,30,0.31369186577738184,0.0,0.0
weibull,1.0,2.0,30,0.31369186577738184,0.0,0.0
weibull,1.0,2.0,30,0.31369186577738184,0.1130827067669173,0.12
weibull,1.0,2.0,30,0.31369186577738184,0.30521303258145366,0.41
weibull,1.0,2.0,30,0.31369186577738184,0.0,0.0
weibull,1.0,2.0,30,0.31369186577738184,0.4362907268170425,0.645
weibull,1.0,2.0,30,0.31369186577738184,0.019849624060150416,0.02
weibull,1.0,2.0,30,0.31369186577738184,0.07236842105263143,0.075
weibull,1.0,2.0,30,0.6859575778909893,0.10149122807017541,0.11
weibull,1.0,2.0,30,0.6859575778909893,0.0099749373433583,0.01
weibull,1.0,2.0,30,0.6859575778909893,0.3440601503759398,0.44
weibull,1.0,2.0,30,0.6859575778909893,0.6057644110275688,1.375
weibull,1.0,2.0,30,0.6859575778909893,0.06319548872180449,0.075
weibull,1.0,2.0,30,0.6859575778909893,0.5174310776942355,0.94
weibull,1.0,2.0,30,0.6859575778909893,0.3229197994987468,0.445
weibull,1.0,2.0,30,0.6859575778909893,0.31166666666666665,0.385
weibull,1.0,2.0,30,1.5,0.5477318295739348,1.075
weibull,1.0,2.0,30,1.5,0.09973684210526311,0.105
weibull,1.0,2.0,30,1.5,0.4532706766917293,0.705
weibull,1.0,2.0,30,1.5,0.7805012531328321,3.345
weibull,1.0,2.0,30,1.5,0.43500000000000016,0.815
weibull,1.0,2.0,30,1.5,0.6510776942355889,1.835
weibull,1.0,2.0,30,1.5,0.5988345864661655,1.285
weibull,1.0,2.0,30,1.5,0.5025939849624061,0.9
weibull,1.0,2.0,300,0.03,0.0,0.0
weibull,1.0,2.0,300,0.03,0.0,0.0
weibull,1.0,2.0,300,0.03,0.0,0.0
weibull,1.0,2.0,300,0.03,0.0,0.0
weibull,1.0,2.0,300,0.03,0.0,0.0
weibull,1.0,2.0,300,0.03,0.0,0.0
weibull,1.0,2.0,300,0.03,0.0,0.0
weibull,1.0,2.0,300,0.03,0.0,0.0
weibull,1.0,2.0,300,0.06560172443659668,0.0,0.0
weibull,1.0,2.0,300,0.06560172443659668,0.0,0.0
weibull,1.0,2.0,300,0.06560172443659668,0.0,0.0
weibull,1.0,2.0,300,0.06560172443659668,0.0,0.0
weibull,1.0,2.0,300,0.06560172443659668,0.1433458646616542,0.155
weibull,1.0,2.0,300,0.06560172443659668,0.13052631578947355,0.14
weibull,1.0,2.0,300,0.06560172443659668,0.0,0.0
weibull,1.0,2.0,300,0.06560172443659668,0.0,0.0
weibull,1.0,2.0,300,0.1434528749685055,0.0,0.0
weibull,1.0,2.0,300,0.1434528749685055,0.0,0.0
weibull,1.0,2.0,300,0.1434528749685055,0.0,0.0
weibull,1.0,2.0,300,0.1434528749685055,0.05362155388471169,0.055
weibull,1.0,2.0,300,0.1434528749685055,0.37843358395989973,0.505
weibull,1.0,2.0,300,0.1434528749685055,0.35778195488721803,0.465
weibull,1.0,2.0,300,0.1434528749685055,0.0,0.0
weibull,1.0,2.0,300,0.1434528749685055,0.0,0.0
weibull,1.0,2.0,300,0.31369186577738184,0.0,0.0
weibull,1.0,2.0,300,0.31369186577738184,0.0,0.0
weibull,1.0,2.0,300,0.31369186577738184,0.13482456140350887,0.145
weibull,1.0,2.0,300,0.31369186577738184,0.23845864661654123,0.275
weibull,1.0,2.0,300,0.31369186577738184,0.47632832080200505,0.795
weibull,1.0,2.0,300,0.31369186577738184,0.4647117794486216,0.73
weibull,1.0,2.0,300,0.31369186577738184,0.0,0.0
weibull,1.0,2.0,300,0.31369186577738184,0.0,0.0
weibull,1.0,2.0,300,0.6859575778909893,0.15032581453634078,0.17
weibull,1.0,2.0,300,0.6859575778909893,0.0,0.0
weibull,1.0,2.0,300,0.6859575778909893,0.4158521303258146,0.62
weibull,1.0,2.0,300,0.6859575778909893,0.478859649122807,0.825
weibull,1.0,2.0,300,0.6859575778909893,0.579937343358396,1.335
weibull,1.0,2.0,300,0.6859575778909893,0.4985087719298246,0.89
weibull,1.0,2.0,300,0.6859575778909893,0.004999999999999922,0.005
weibull,1.0,2.0,300,0.6859575778909893,0.24322055137844611,0.325
weibull,1.0,2.0,300,1.5,0.5767293233082706,1.13
weibull,1.0,2.0,300,1.5,0.004999999999999922,0.005
weibull,1.0,2.0,300,1.5,0.6458020050125314,1.685
weibull,1.0,2.0,300,1.5,0.5862531328320802,1.345
weibull,1.0,2.0,300,1.5,0.6416165413533834,1.545
weibull,1.0,2.0,300,1.5,0.5671679197994987,1.31
weibull,1.0,2.0,300,1.5,0.2511904761904763,0.345
weibull,1.0,2.0,300,1.5,0.5895112781954888,1.225
