alpha,ratio,H_meas
0.5,0.0001,0.0157738578976316
0.5,0.00013666910206456623,0.017412662988827553
0.5,0.000186784434591348,0.021856159269321166
0.5,0.00025527660955237236,0.02556502108368481
0.5,0.0003488842500560956,0.029065359422657037
0.5,0.0004768169717963618,0.03351915365256097
0.5,0.0006516614738455436,0.03897662238815101
0.5,0.0008906198848054217,0.04576918726423203
0.5,0.0012172021993720427,0.05282663544392404
0.5,0.0016635393161919217,0.06014153347000234
0.5,0.002273544245930525,0.069440090112613
0.5,0.0031072325059538584,0.07870050945293533
0.5,0.0042466267649454575,0.09491157685961442
0.5,0.005803826667684488,0.10930328783257501
0.5,0.007932037792108226,0.1258030917181954
0.5,0.010840644825896344,0.13971501969477262
0.5,0.014815811941561393,0.16045973877342384
0.5,0.020248637144106733,0.18539352933660017
0.5,0.02767363056516287,0.20375869375600694
0.5,0.03782130240207344,0.23175015361367146
0.5,0.05169003438203793,0.2572856192047645
0.5,0.07064430584679679,0.28777867131118856
0.5,0.09654893846056294,0.31195719706439556
0.5,0.131952567246922,0.3409952810324616
0.5,0.1803383888075112,0.3670156813724673
0.5,0.24646685666093152,0.39432920326449894
0.5,0.33684403988525663,0.4176701411690195
0.5,0.46036172466918907,0.43837170119501995
0.5,0.6291722353543313,0.4545966427218232
0.5,0.859884044498323,0.46844871358967083
0.5,1.175195802412332,0.47943054828691584
0.5,1.606129550657408,0.48816553109218486
0.5,2.195082834877132,0.4928800346672444
0.5,3.0,0.4955588704256182
1.0,0.0001,0.00016665555537030997
1.0,0.00013666910206456623,0.000233309999611047
1.0,0.000186784434591348,0.0001999833330554284
1.0,0.00025527660955237236,0.000233309999611047
1.0,0.0003488842500560956,0.0005331999977776829
1.0,0.0004768169717963618,0.0005331999977776829
1.0,0.0006516614738455436,0.0008663055495368539
1.0,0.0008906198848054217,0.0009995166586107967
1.0,0.0012172021993720427,0.0011992999883331638
1.0,0.0016635393161919217,0.0015654655355366864
1.0,0.002273544245930525,0.002496916615276764
1.0,0.0031072325059538584,0.003892459874331287
1.0,0.0042466267649454575,0.005186566442774151
1.0,0.005803826667684488,0.007273476224603891
1.0,0.007932037792108226,0.010181142463485466
1.0,0.010840644825896344,0.013441981810808077
1.0,0.014815811941561393,0.018787112562987106
1.0,0.020248637144106733,0.024590404840080588
1.0,0.02767363056516287,0.03335815374700692
1.0,0.03782130240207344,0.046118608087912495
1.0,0.05169003438203793,0.06354281404690092
1.0,0.07064430584679679,0.08876767446124106
1.0,0.09654893846056294,0.11286054545353537
1.0,0.131952567246922,0.15222453707561778
1.0,0.1803383888075112,0.19390227114896355
1.0,0.24646685666093152,0.24771740640121778
1.0,0.33684403988525663,0.3066667638905094
1.0,0.46036172466918907,0.35874213681339123
1.0,0.6291722353543313,0.41038717256398716
1.0,0.859884044498323,0.4440622760379339
1.0,1.175195802412332,0.4666483324722079
1.0,1.606129550657408,0.4806953360333784
1.0,2.195082834877132,0.48905121696472725
1.0,3.0,0.49468656422051477
1.5,0.0001,0.0
1.5,0.00013666910206456623,0.0
1.5,0.000186784434591348,0.0
1.5,0.00025527660955237236,0.0
1.5,0.0003488842500560956,0.0
1.5,0.0004768169717963618,0.0
1.5,0.0006516614738455436,0.0
1.5,0.0008906198848054217,3.333333333328369e-05
1.5,0.0012172021993720427,3.333333333328369e-05
1.5,0.0016635393161919217,9.999666661112956e-05
1.5,0.002273544245930525,0.0
1.5,0.0031072325059538584,0.0001333266665554697
1.5,0.0042466267649454575,0.0001999833330554284
1.5,0.005803826667684488,0.0002999599993333406
1.5,0.007932037792108226,0.0006664555520369479
1.5,0.010840644825896344,0.0008996099934998114
1.5,0.014815811941561393,0.0014323299832776136
1.5,0.020248637144106733,0.0020978299638327994
1.5,0.02767363056516287,0.004556315383033994
1.5,0.03782130240207344,0.006048365250531904
1.5,0.05169003438203793,0.010445049084151312
1.5,0.07064430584679679,0.014197991633193977
1.5,0.09654893846056294,0.0242978249637493
1.5,0.131952567246922,0.044942749045817465
1.5,0.1803383888075112,0.07692393984344179
1.5,0.24646685666093152,0.13057474902359484
1.5,0.33684403988525663,0.20619120929793286
1.5,0.46036172466918907,0.2931303249498603
1.5,0.6291722353543313,0.37100804791190956
1.5,0.859884044498323,0.42140089834830574
1.5,1.175195802412332,0.456367178897426
1.5,1.606129550657408,0.47543986844225183
1.5,2.195082834877132,0.48739410934626687
1.5,3.0,0.4925946493552672
2.0,0.15,3.333333333328369e-05
2.0,0.1708668372120782,0.0
2.0,0.19463650705905886,0.00026663555503694374
2.0,0.22171282911458481,0.0010994133235553956
2.0,0.2525557992010071,0.005352355317033122
2.0,0.287689404193632,0.013540625121529877
2.0,0.32771052395995387,0.029000656122046477
2.0,0.37329907166766857,0.05700948126913219
2.0,0.42522954473372954,0.09169480602454498
2.0,0.48438418265189526,0.13371982366372753
2.0,0.5517679552352464,0.17858808257915398
2.0,0.6285256359068138,0.2283701706139546
2.0,0.7159612500940499,0.2710205147863575
2.0,0.8155602291331734,0.3125087412567986
2.0,0.9290146460529544,0.3481134546686889
2.0,1.0582519619651105,0.37729570826180425
2.0,1.2054677714296993,0.4053072351205853
2.0,1.373163103101901,0.4245797963299388
2.0,1.5641869093556309,0.43871063628838247
2.0,1.7817844667342153,0.4524111312966327
2.0,2.029652509496565,0.4629159147096896
2.0,2.312002032914903,0.47284007566792774
2.0,2.633629833280431,0.47856277104618405
2.0,3.0,0.4833488469252265
