cls,prm,alpha,pred,raw,corrected,err,err_stat,err_sys,logcorr
gumbel,1.0,0.5,1.0,0.9122794511934998,0.987152641578722,0.0033127392940189462,0.0033127392940189462,0.0,True
gumbel,1.0,1.0,1.0,0.8104595095346994,0.9602058903051439,0.007732299151847585,0.007732299151847585,0.0,True
gumbel,1.0,1.5,1.0,0.7128969362144877,0.9375165073701548,0.011000657854775607,0.011000657854775607,0.0,True
frechet,0.5,0.5,0.0,0.039141066183449716,0.039141066183449716,0.039683844872600745,0.039683844872600745,0.0,False
frechet,0.5,1.0,-1.0,-1.0334471777100007,-1.0334471777100007,0.06760457538065877,0.06760457538065877,0.0,False
frechet,0.5,1.5,-2.0,-2.1793378256580973,-2.1793378256580973,0.10161463305492309,0.10161463305492309,0.0,False
frechet,1.0,0.5,0.5,0.5174647081466491,0.5174647081466491,0.022200139702284804,0.022200139702284804,0.0,False
frechet,1.0,1.0,0.0,0.019386682577493344,0.019386682577493344,0.033757612039360015,0.033757612039360015,0.0,False
frechet,1.0,1.5,-0.5,-0.6713283775324297,-0.6713283775324297,0.06439283993178103,0.06439283993178103,0.0,False
frechet,1.5,0.5,0.6666666666666667,0.6517027243081097,0.6517027243081097,0.012481142112005073,0.012481142112005073,0.0,False
frechet,1.5,1.0,0.33333333333333337,0.30083823047465796,0.30083823047465796,0.01989604463073594,0.01989604463073594,0.0,False
frechet,1.5,1.5,0.0,-0.02136968565214843,-0.02136968565214843,0.03364530236326837,0.03364530236326837,0.0,False
frechet,2.0,0.5,0.75,0.743786901452426,0.743786901452426,0.011511187975702032,0.011511187975702032,0.0,False
frechet,2.0,1.0,0.5,0.47232871736171117,0.47232871736171117,0.020602584526185186,0.020602584526185186,0.0,False
frechet,2.0,1.5,0.25,0.23579740195104315,0.23579740195104315,0.033509780258447,0.033509780258447,0.0,False
frechet,3.0,0.5,0.8333333333333334,0.8080018607876375,0.8080018607876375,0.0077262584985431405,0.0077262584985431405,0.0,False
frechet,3.0,1.0,0.6666666666666667,0.6290459090121263,0.6290459090121263,0.021400178286543076,0.021400178286543076,0.0,False
frechet,3.0,1.5,0.5,0.4207220790006819,0.4207220790006819,0.022014009077768935,0.022014009077768935,0.0,False
weibull,1.0,0.5,1.0,1.0083160637821795,1.0083160637821795,0.0021970626234646042,0.0021970626234646042,0.0,False
weibull,1.0,1.0,1.0,1.1371443493788864,0.9873979686084412,0.01112723687734703,0.01112723687734703,0.0,True
weibull,1.0,1.5,1.5,1.5326066252163195,1.5326066252163195,0.03590912178181823,0.03590912178181823,0.0,False
weibull,2.0,0.5,1.0,0.9809120424533404,0.9809120424533404,0.002057448392891421,0.002057448392891421,0.0,False
weibull,2.0,1.0,1.0,0.9490937926852814,0.9490937926852814,0.0065251087652155116,0.0065251087652155116,0.0,False
weibull,2.0,1.5,1.0,0.9231099078221756,0.9231099078221756,0.021876351332457532,0.021876351332457532,0.0,False
